point_type,source,line,object,hit_count,reviewed_exclusion
branch,chiplet_extension/rtl/channel_model/channel_model.sv,96,if,0,none
branch,chiplet_extension/rtl/d2d_adapter/link_fsm.sv,41,else,0,none
branch,chiplet_extension/rtl/d2d_adapter/link_fsm.sv,41,else,0,none
branch,chiplet_extension/rtl/d2d_adapter/ucie_rx.sv,41,else,0,none
branch,chiplet_extension/rtl/d2d_adapter/ucie_rx.sv,41,else,0,none
branch,chiplet_extension/rtl/die_a/die_a_system.sv,122,if,0,none
branch,chiplet_extension/rtl/die_a/die_a_system.sv,129,if,0,none
branch,chiplet_extension/rtl/die_a/die_a_system.sv,135,if,0,none
branch,chiplet_extension/rtl/die_a/die_a_system.sv,143,if,0,none
branch,chiplet_extension/rtl/die_a/die_a_system.sv,148,else,0,none
branch,chiplet_extension/rtl/die_a/die_a_system.sv,153,if,0,none
branch,chiplet_extension/rtl/die_a/die_a_system.sv,163,if,0,none
branch,chiplet_extension/rtl/die_a/dma_offload_ctrl.sv,256,if,0,none
branch,chiplet_extension/rtl/die_a/dma_offload_ctrl.sv,267,if,0,none
branch,chiplet_extension/rtl/die_a/dma_offload_ctrl.sv,274,if,0,none
branch,chiplet_extension/rtl/die_a/dma_offload_ctrl.sv,281,if,0,none
branch,chiplet_extension/rtl/die_a/dma_offload_ctrl.sv,823,else,0,none
branch,chiplet_extension/rtl/die_a/dma_offload_ctrl.sv,957,else,0,none
branch,chiplet_extension/rtl/die_a/dma_offload_ctrl.sv,966,else,0,none
branch,chiplet_extension/rtl/die_a/dma_offload_ctrl.sv,1052,if,0,none
branch,chiplet_extension/rtl/die_a/dma_offload_ctrl.sv,1054,else,0,none
branch,chiplet_extension/rtl/die_a/dma_offload_ctrl.sv,1054,if,0,none
branch,chiplet_extension/rtl/die_b/die_b_system.sv,113,if,0,none
branch,chiplet_extension/rtl/die_b/die_b_system.sv,121,if,0,none
branch,chiplet_extension/rtl/die_b/die_b_system.sv,127,if,0,none
branch,chiplet_extension/rtl/die_b/die_b_system.sv,133,if,0,none
branch,chiplet_extension/rtl/die_b/die_b_system.sv,143,if,0,none
branch,chiplet_extension/rtl/phy_model/phy_behavioral.sv,111,if,0,none
branch,chiplet_extension/rtl/phy_model/phy_behavioral.sv,111,if,0,none
branch,chiplet_extension/rtl/phy_model/phy_behavioral.sv,112,else,0,none
branch,chiplet_extension/rtl/phy_model/phy_behavioral.sv,112,else,0,none
branch,chiplet_extension/rtl/phy_model/phy_behavioral.sv,112,if,0,none
branch,chiplet_extension/rtl/phy_model/phy_behavioral.sv,112,if,0,none
branch,chiplet_extension/rtl/phy_model/phy_behavioral.sv,122,if,0,none
branch,chiplet_extension/rtl/phy_model/phy_behavioral.sv,122,if,0,none
branch,chiplet_extension/rtl/power/chiplet_power_ctrl.sv,135,if,0,none
branch,chiplet_extension/rtl/power/chiplet_power_ctrl.sv,146,if,0,none
line,chiplet_extension/rtl/d2d_adapter/credit_mgr.sv,44,elsif,0,none
line,chiplet_extension/rtl/d2d_adapter/credit_mgr.sv,44,elsif,0,none
line,chiplet_extension/rtl/d2d_adapter/credit_mgr.sv,47,if,0,none
line,chiplet_extension/rtl/d2d_adapter/credit_mgr.sv,47,if,0,none
line,chiplet_extension/rtl/d2d_adapter/link_fsm.sv,50,if,0,none
line,chiplet_extension/rtl/d2d_adapter/link_fsm.sv,66,elsif,0,none
line,chiplet_extension/rtl/d2d_adapter/link_fsm.sv,69,if,0,none
line,chiplet_extension/rtl/d2d_adapter/link_fsm.sv,76,case,0,none
line,chiplet_extension/rtl/d2d_adapter/link_fsm.sv,78,elsif,0,none
line,chiplet_extension/rtl/d2d_adapter/link_fsm.sv,81,else,0,none
line,chiplet_extension/rtl/d2d_adapter/link_fsm.sv,81,if,0,none
line,chiplet_extension/rtl/d2d_adapter/link_fsm.sv,88,case,0,none
line,chiplet_extension/rtl/d2d_adapter/link_fsm.sv,88,case,0,none
line,chiplet_extension/rtl/die_a/die_a_system.sv,161,elsif,0,none
line,chiplet_extension/rtl/die_a/dma_offload_ctrl.sv,754,case,0,none
line,chiplet_extension/rtl/die_a/dma_offload_ctrl.sv,857,if,0,none
line,chiplet_extension/rtl/die_a/dma_offload_ctrl.sv,1154,case,0,none
line,chiplet_extension/rtl/die_b/aes128_iterative.sv,273,case,0,none
line,chiplet_extension/rtl/die_b/aes128_iterative.sv,289,case,0,none
line,chiplet_extension/rtl/die_b/die_b_system.sv,141,elsif,0,none
toggle,chiplet_extension/rtl/channel_model/channel_model.sv,13,lane_a_rx_data[0],0,none
toggle,chiplet_extension/rtl/channel_model/channel_model.sv,13,lane_a_rx_data[1],0,none
toggle,chiplet_extension/rtl/channel_model/channel_model.sv,13,lane_a_rx_data[2],0,none
toggle,chiplet_extension/rtl/channel_model/channel_model.sv,13,lane_a_rx_data[3],0,none
toggle,chiplet_extension/rtl/channel_model/channel_model.sv,13,lane_a_rx_data[4],0,none
toggle,chiplet_extension/rtl/channel_model/channel_model.sv,13,lane_a_rx_data[5],0,none
toggle,chiplet_extension/rtl/channel_model/channel_model.sv,13,lane_a_rx_data[6],0,none
toggle,chiplet_extension/rtl/channel_model/channel_model.sv,13,lane_a_rx_data[7],0,none
toggle,chiplet_extension/rtl/channel_model/channel_model.sv,14,lane_a_rx_valid,0,none
toggle,chiplet_extension/rtl/channel_model/channel_model.sv,15,lane_a_lane_fault,0,none
toggle,chiplet_extension/rtl/channel_model/channel_model.sv,15,lane_a_lane_fault,0,none
toggle,chiplet_extension/rtl/channel_model/channel_model.sv,16,lane_b_tx_data[0],0,none
toggle,chiplet_extension/rtl/channel_model/channel_model.sv,16,lane_b_tx_data[1],0,none
toggle,chiplet_extension/rtl/channel_model/channel_model.sv,16,lane_b_tx_data[2],0,none
toggle,chiplet_extension/rtl/channel_model/channel_model.sv,16,lane_b_tx_data[3],0,none
toggle,chiplet_extension/rtl/channel_model/channel_model.sv,16,lane_b_tx_data[4],0,none
toggle,chiplet_extension/rtl/channel_model/channel_model.sv,16,lane_b_tx_data[5],0,none
toggle,chiplet_extension/rtl/channel_model/channel_model.sv,16,lane_b_tx_data[6],0,none
toggle,chiplet_extension/rtl/channel_model/channel_model.sv,16,lane_b_tx_data[7],0,none
toggle,chiplet_extension/rtl/channel_model/channel_model.sv,17,lane_b_tx_valid,0,none
toggle,chiplet_extension/rtl/channel_model/channel_model.sv,20,lane_b_lane_fault,0,none
toggle,chiplet_extension/rtl/channel_model/channel_model.sv,20,lane_b_lane_fault,0,none
toggle,chiplet_extension/rtl/channel_model/channel_model.sv,28,fwd_fault_pipe[0],0,hardwired_channel_fault_pipeline
toggle,chiplet_extension/rtl/channel_model/channel_model.sv,28,fwd_fault_pipe[0],0,hardwired_channel_fault_pipeline
toggle,chiplet_extension/rtl/channel_model/channel_model.sv,28,fwd_fault_pipe[1],0,hardwired_channel_fault_pipeline
toggle,chiplet_extension/rtl/channel_model/channel_model.sv,28,fwd_fault_pipe[1],0,hardwired_channel_fault_pipeline
toggle,chiplet_extension/rtl/channel_model/channel_model.sv,28,fwd_fault_pipe[2],0,hardwired_channel_fault_pipeline
toggle,chiplet_extension/rtl/channel_model/channel_model.sv,31,rev_data_pipe[0][0],0,none
toggle,chiplet_extension/rtl/channel_model/channel_model.sv,31,rev_data_pipe[0][1],0,none
toggle,chiplet_extension/rtl/channel_model/channel_model.sv,31,rev_data_pipe[0][2],0,none
toggle,chiplet_extension/rtl/channel_model/channel_model.sv,31,rev_data_pipe[0][3],0,none
toggle,chiplet_extension/rtl/channel_model/channel_model.sv,31,rev_data_pipe[0][4],0,none
toggle,chiplet_extension/rtl/channel_model/channel_model.sv,31,rev_data_pipe[0][5],0,none
toggle,chiplet_extension/rtl/channel_model/channel_model.sv,31,rev_data_pipe[0][6],0,none
toggle,chiplet_extension/rtl/channel_model/channel_model.sv,31,rev_data_pipe[0][7],0,none
toggle,chiplet_extension/rtl/channel_model/channel_model.sv,31,rev_data_pipe[1][0],0,none
toggle,chiplet_extension/rtl/channel_model/channel_model.sv,31,rev_data_pipe[1][1],0,none
toggle,chiplet_extension/rtl/channel_model/channel_model.sv,31,rev_data_pipe[1][2],0,none
toggle,chiplet_extension/rtl/channel_model/channel_model.sv,31,rev_data_pipe[1][3],0,none
toggle,chiplet_extension/rtl/channel_model/channel_model.sv,31,rev_data_pipe[1][4],0,none
toggle,chiplet_extension/rtl/channel_model/channel_model.sv,31,rev_data_pipe[1][5],0,none
toggle,chiplet_extension/rtl/channel_model/channel_model.sv,31,rev_data_pipe[1][6],0,none
toggle,chiplet_extension/rtl/channel_model/channel_model.sv,31,rev_data_pipe[1][7],0,none
toggle,chiplet_extension/rtl/channel_model/channel_model.sv,32,rev_valid_pipe[0],0,none
toggle,chiplet_extension/rtl/channel_model/channel_model.sv,32,rev_valid_pipe[1],0,none
toggle,chiplet_extension/rtl/channel_model/channel_model.sv,33,rev_fault_pipe[0],0,hardwired_channel_fault_pipeline
toggle,chiplet_extension/rtl/channel_model/channel_model.sv,33,rev_fault_pipe[0],0,hardwired_channel_fault_pipeline
toggle,chiplet_extension/rtl/channel_model/channel_model.sv,33,rev_fault_pipe[1],0,hardwired_channel_fault_pipeline
toggle,chiplet_extension/rtl/channel_model/channel_model.sv,33,rev_fault_pipe[1],0,hardwired_channel_fault_pipeline
toggle,chiplet_extension/rtl/channel_model/channel_model.sv,33,rev_fault_pipe[2],0,hardwired_channel_fault_pipeline
toggle,chiplet_extension/rtl/channel_model/channel_model.sv,83,induce_fwd_fault_q,0,none
toggle,chiplet_extension/rtl/channel_model/channel_model.sv,83,induce_fwd_fault_q,0,none
toggle,chiplet_extension/rtl/channel_model/channel_model.sv,84,induce_rev_fault_q,0,none
toggle,chiplet_extension/rtl/channel_model/channel_model.sv,84,induce_rev_fault_q,0,none
toggle,chiplet_extension/rtl/d2d_adapter/credit_mgr.sv,9,credit_init[0],0,fixed_credit_initialization
toggle,chiplet_extension/rtl/d2d_adapter/credit_mgr.sv,9,credit_init[0],0,fixed_credit_initialization
toggle,chiplet_extension/rtl/d2d_adapter/credit_mgr.sv,9,credit_init[0],0,fixed_credit_initialization
toggle,chiplet_extension/rtl/d2d_adapter/credit_mgr.sv,9,credit_init[10],0,fixed_credit_initialization
toggle,chiplet_extension/rtl/d2d_adapter/credit_mgr.sv,9,credit_init[10],0,fixed_credit_initialization
toggle,chiplet_extension/rtl/d2d_adapter/credit_mgr.sv,9,credit_init[11],0,fixed_credit_initialization
toggle,chiplet_extension/rtl/d2d_adapter/credit_mgr.sv,9,credit_init[11],0,fixed_credit_initialization
toggle,chiplet_extension/rtl/d2d_adapter/credit_mgr.sv,9,credit_init[12],0,fixed_credit_initialization
toggle,chiplet_extension/rtl/d2d_adapter/credit_mgr.sv,9,credit_init[12],0,fixed_credit_initialization
toggle,chiplet_extension/rtl/d2d_adapter/credit_mgr.sv,9,credit_init[13],0,fixed_credit_initialization
toggle,chiplet_extension/rtl/d2d_adapter/credit_mgr.sv,9,credit_init[13],0,fixed_credit_initialization
toggle,chiplet_extension/rtl/d2d_adapter/credit_mgr.sv,9,credit_init[14],0,fixed_credit_initialization
toggle,chiplet_extension/rtl/d2d_adapter/credit_mgr.sv,9,credit_init[14],0,fixed_credit_initialization
toggle,chiplet_extension/rtl/d2d_adapter/credit_mgr.sv,9,credit_init[15],0,fixed_credit_initialization
toggle,chiplet_extension/rtl/d2d_adapter/credit_mgr.sv,9,credit_init[15],0,fixed_credit_initialization
toggle,chiplet_extension/rtl/d2d_adapter/credit_mgr.sv,9,credit_init[1],0,fixed_credit_initialization
toggle,chiplet_extension/rtl/d2d_adapter/credit_mgr.sv,9,credit_init[1],0,fixed_credit_initialization
toggle,chiplet_extension/rtl/d2d_adapter/credit_mgr.sv,9,credit_init[1],0,fixed_credit_initialization
toggle,chiplet_extension/rtl/d2d_adapter/credit_mgr.sv,9,credit_init[2],0,fixed_credit_initialization
toggle,chiplet_extension/rtl/d2d_adapter/credit_mgr.sv,9,credit_init[3],0,fixed_credit_initialization
toggle,chiplet_extension/rtl/d2d_adapter/credit_mgr.sv,9,credit_init[3],0,fixed_credit_initialization
toggle,chiplet_extension/rtl/d2d_adapter/credit_mgr.sv,9,credit_init[4],0,fixed_credit_initialization
toggle,chiplet_extension/rtl/d2d_adapter/credit_mgr.sv,9,credit_init[4],0,fixed_credit_initialization
toggle,chiplet_extension/rtl/d2d_adapter/credit_mgr.sv,9,credit_init[4],0,fixed_credit_initialization
toggle,chiplet_extension/rtl/d2d_adapter/credit_mgr.sv,9,credit_init[5],0,fixed_credit_initialization
toggle,chiplet_extension/rtl/d2d_adapter/credit_mgr.sv,9,credit_init[5],0,fixed_credit_initialization
toggle,chiplet_extension/rtl/d2d_adapter/credit_mgr.sv,9,credit_init[5],0,fixed_credit_initialization
toggle,chiplet_extension/rtl/d2d_adapter/credit_mgr.sv,9,credit_init[6],0,fixed_credit_initialization
toggle,chiplet_extension/rtl/d2d_adapter/credit_mgr.sv,9,credit_init[6],0,fixed_credit_initialization
toggle,chiplet_extension/rtl/d2d_adapter/credit_mgr.sv,9,credit_init[6],0,fixed_credit_initialization
toggle,chiplet_extension/rtl/d2d_adapter/credit_mgr.sv,9,credit_init[7],0,fixed_credit_initialization
toggle,chiplet_extension/rtl/d2d_adapter/credit_mgr.sv,9,credit_init[8],0,fixed_credit_initialization
toggle,chiplet_extension/rtl/d2d_adapter/credit_mgr.sv,9,credit_init[8],0,fixed_credit_initialization
toggle,chiplet_extension/rtl/d2d_adapter/credit_mgr.sv,9,credit_init[9],0,fixed_credit_initialization
toggle,chiplet_extension/rtl/d2d_adapter/credit_mgr.sv,9,credit_init[9],0,fixed_credit_initialization
toggle,chiplet_extension/rtl/d2d_adapter/credit_mgr.sv,10,credit_debit[10],0,unit_credit_event_upper_bit
toggle,chiplet_extension/rtl/d2d_adapter/credit_mgr.sv,10,credit_debit[10],0,unit_credit_event_upper_bit
toggle,chiplet_extension/rtl/d2d_adapter/credit_mgr.sv,10,credit_debit[11],0,unit_credit_event_upper_bit
toggle,chiplet_extension/rtl/d2d_adapter/credit_mgr.sv,10,credit_debit[11],0,unit_credit_event_upper_bit
toggle,chiplet_extension/rtl/d2d_adapter/credit_mgr.sv,10,credit_debit[12],0,unit_credit_event_upper_bit
toggle,chiplet_extension/rtl/d2d_adapter/credit_mgr.sv,10,credit_debit[12],0,unit_credit_event_upper_bit
toggle,chiplet_extension/rtl/d2d_adapter/credit_mgr.sv,10,credit_debit[13],0,unit_credit_event_upper_bit
toggle,chiplet_extension/rtl/d2d_adapter/credit_mgr.sv,10,credit_debit[13],0,unit_credit_event_upper_bit
toggle,chiplet_extension/rtl/d2d_adapter/credit_mgr.sv,10,credit_debit[14],0,unit_credit_event_upper_bit
toggle,chiplet_extension/rtl/d2d_adapter/credit_mgr.sv,10,credit_debit[14],0,unit_credit_event_upper_bit
toggle,chiplet_extension/rtl/d2d_adapter/credit_mgr.sv,10,credit_debit[15],0,unit_credit_event_upper_bit
toggle,chiplet_extension/rtl/d2d_adapter/credit_mgr.sv,10,credit_debit[15],0,unit_credit_event_upper_bit
toggle,chiplet_extension/rtl/d2d_adapter/credit_mgr.sv,10,credit_debit[1],0,unit_credit_event_upper_bit
toggle,chiplet_extension/rtl/d2d_adapter/credit_mgr.sv,10,credit_debit[1],0,unit_credit_event_upper_bit
toggle,chiplet_extension/rtl/d2d_adapter/credit_mgr.sv,10,credit_debit[2],0,unit_credit_event_upper_bit
toggle,chiplet_extension/rtl/d2d_adapter/credit_mgr.sv,10,credit_debit[2],0,unit_credit_event_upper_bit
toggle,chiplet_extension/rtl/d2d_adapter/credit_mgr.sv,10,credit_debit[2],0,unit_credit_event_upper_bit
toggle,chiplet_extension/rtl/d2d_adapter/credit_mgr.sv,10,credit_debit[3],0,unit_credit_event_upper_bit
toggle,chiplet_extension/rtl/d2d_adapter/credit_mgr.sv,10,credit_debit[3],0,unit_credit_event_upper_bit
toggle,chiplet_extension/rtl/d2d_adapter/credit_mgr.sv,10,credit_debit[4],0,unit_credit_event_upper_bit
toggle,chiplet_extension/rtl/d2d_adapter/credit_mgr.sv,10,credit_debit[4],0,unit_credit_event_upper_bit
toggle,chiplet_extension/rtl/d2d_adapter/credit_mgr.sv,10,credit_debit[4],0,unit_credit_event_upper_bit
toggle,chiplet_extension/rtl/d2d_adapter/credit_mgr.sv,10,credit_debit[5],0,unit_credit_event_upper_bit
toggle,chiplet_extension/rtl/d2d_adapter/credit_mgr.sv,10,credit_debit[5],0,unit_credit_event_upper_bit
toggle,chiplet_extension/rtl/d2d_adapter/credit_mgr.sv,10,credit_debit[5],0,unit_credit_event_upper_bit
toggle,chiplet_extension/rtl/d2d_adapter/credit_mgr.sv,10,credit_debit[6],0,unit_credit_event_upper_bit
toggle,chiplet_extension/rtl/d2d_adapter/credit_mgr.sv,10,credit_debit[6],0,unit_credit_event_upper_bit
toggle,chiplet_extension/rtl/d2d_adapter/credit_mgr.sv,10,credit_debit[6],0,unit_credit_event_upper_bit
toggle,chiplet_extension/rtl/d2d_adapter/credit_mgr.sv,10,credit_debit[7],0,unit_credit_event_upper_bit
toggle,chiplet_extension/rtl/d2d_adapter/credit_mgr.sv,10,credit_debit[7],0,unit_credit_event_upper_bit
toggle,chiplet_extension/rtl/d2d_adapter/credit_mgr.sv,10,credit_debit[7],0,unit_credit_event_upper_bit
toggle,chiplet_extension/rtl/d2d_adapter/credit_mgr.sv,10,credit_debit[8],0,unit_credit_event_upper_bit
toggle,chiplet_extension/rtl/d2d_adapter/credit_mgr.sv,10,credit_debit[8],0,unit_credit_event_upper_bit
toggle,chiplet_extension/rtl/d2d_adapter/credit_mgr.sv,10,credit_debit[9],0,unit_credit_event_upper_bit
toggle,chiplet_extension/rtl/d2d_adapter/credit_mgr.sv,10,credit_debit[9],0,unit_credit_event_upper_bit
toggle,chiplet_extension/rtl/d2d_adapter/credit_mgr.sv,11,credit_return[10],0,unit_credit_event_upper_bit
toggle,chiplet_extension/rtl/d2d_adapter/credit_mgr.sv,11,credit_return[10],0,unit_credit_event_upper_bit
toggle,chiplet_extension/rtl/d2d_adapter/credit_mgr.sv,11,credit_return[11],0,unit_credit_event_upper_bit
toggle,chiplet_extension/rtl/d2d_adapter/credit_mgr.sv,11,credit_return[11],0,unit_credit_event_upper_bit
toggle,chiplet_extension/rtl/d2d_adapter/credit_mgr.sv,11,credit_return[12],0,unit_credit_event_upper_bit
toggle,chiplet_extension/rtl/d2d_adapter/credit_mgr.sv,11,credit_return[12],0,unit_credit_event_upper_bit
toggle,chiplet_extension/rtl/d2d_adapter/credit_mgr.sv,11,credit_return[13],0,unit_credit_event_upper_bit
toggle,chiplet_extension/rtl/d2d_adapter/credit_mgr.sv,11,credit_return[13],0,unit_credit_event_upper_bit
toggle,chiplet_extension/rtl/d2d_adapter/credit_mgr.sv,11,credit_return[14],0,unit_credit_event_upper_bit
toggle,chiplet_extension/rtl/d2d_adapter/credit_mgr.sv,11,credit_return[14],0,unit_credit_event_upper_bit
toggle,chiplet_extension/rtl/d2d_adapter/credit_mgr.sv,11,credit_return[15],0,unit_credit_event_upper_bit
toggle,chiplet_extension/rtl/d2d_adapter/credit_mgr.sv,11,credit_return[15],0,unit_credit_event_upper_bit
toggle,chiplet_extension/rtl/d2d_adapter/credit_mgr.sv,11,credit_return[1],0,unit_credit_event_upper_bit
toggle,chiplet_extension/rtl/d2d_adapter/credit_mgr.sv,11,credit_return[1],0,unit_credit_event_upper_bit
toggle,chiplet_extension/rtl/d2d_adapter/credit_mgr.sv,11,credit_return[1],0,unit_credit_event_upper_bit
toggle,chiplet_extension/rtl/d2d_adapter/credit_mgr.sv,11,credit_return[2],0,unit_credit_event_upper_bit
toggle,chiplet_extension/rtl/d2d_adapter/credit_mgr.sv,11,credit_return[2],0,unit_credit_event_upper_bit
toggle,chiplet_extension/rtl/d2d_adapter/credit_mgr.sv,11,credit_return[2],0,unit_credit_event_upper_bit
toggle,chiplet_extension/rtl/d2d_adapter/credit_mgr.sv,11,credit_return[3],0,unit_credit_event_upper_bit
toggle,chiplet_extension/rtl/d2d_adapter/credit_mgr.sv,11,credit_return[3],0,unit_credit_event_upper_bit
toggle,chiplet_extension/rtl/d2d_adapter/credit_mgr.sv,11,credit_return[4],0,unit_credit_event_upper_bit
toggle,chiplet_extension/rtl/d2d_adapter/credit_mgr.sv,11,credit_return[4],0,unit_credit_event_upper_bit
toggle,chiplet_extension/rtl/d2d_adapter/credit_mgr.sv,11,credit_return[4],0,unit_credit_event_upper_bit
toggle,chiplet_extension/rtl/d2d_adapter/credit_mgr.sv,11,credit_return[5],0,unit_credit_event_upper_bit
toggle,chiplet_extension/rtl/d2d_adapter/credit_mgr.sv,11,credit_return[5],0,unit_credit_event_upper_bit
toggle,chiplet_extension/rtl/d2d_adapter/credit_mgr.sv,11,credit_return[6],0,unit_credit_event_upper_bit
toggle,chiplet_extension/rtl/d2d_adapter/credit_mgr.sv,11,credit_return[6],0,unit_credit_event_upper_bit
toggle,chiplet_extension/rtl/d2d_adapter/credit_mgr.sv,11,credit_return[6],0,unit_credit_event_upper_bit
toggle,chiplet_extension/rtl/d2d_adapter/credit_mgr.sv,11,credit_return[7],0,unit_credit_event_upper_bit
toggle,chiplet_extension/rtl/d2d_adapter/credit_mgr.sv,11,credit_return[7],0,unit_credit_event_upper_bit
toggle,chiplet_extension/rtl/d2d_adapter/credit_mgr.sv,11,credit_return[7],0,unit_credit_event_upper_bit
toggle,chiplet_extension/rtl/d2d_adapter/credit_mgr.sv,11,credit_return[8],0,unit_credit_event_upper_bit
toggle,chiplet_extension/rtl/d2d_adapter/credit_mgr.sv,11,credit_return[8],0,unit_credit_event_upper_bit
toggle,chiplet_extension/rtl/d2d_adapter/credit_mgr.sv,11,credit_return[9],0,unit_credit_event_upper_bit
toggle,chiplet_extension/rtl/d2d_adapter/credit_mgr.sv,11,credit_return[9],0,unit_credit_event_upper_bit
toggle,chiplet_extension/rtl/d2d_adapter/credit_mgr.sv,12,credit_available[0],0,none
toggle,chiplet_extension/rtl/d2d_adapter/credit_mgr.sv,12,credit_available[10],0,credit_capacity_upper_bit
toggle,chiplet_extension/rtl/d2d_adapter/credit_mgr.sv,12,credit_available[10],0,credit_capacity_upper_bit
toggle,chiplet_extension/rtl/d2d_adapter/credit_mgr.sv,12,credit_available[11],0,credit_capacity_upper_bit
toggle,chiplet_extension/rtl/d2d_adapter/credit_mgr.sv,12,credit_available[11],0,credit_capacity_upper_bit
toggle,chiplet_extension/rtl/d2d_adapter/credit_mgr.sv,12,credit_available[12],0,credit_capacity_upper_bit
toggle,chiplet_extension/rtl/d2d_adapter/credit_mgr.sv,12,credit_available[12],0,credit_capacity_upper_bit
toggle,chiplet_extension/rtl/d2d_adapter/credit_mgr.sv,12,credit_available[13],0,credit_capacity_upper_bit
toggle,chiplet_extension/rtl/d2d_adapter/credit_mgr.sv,12,credit_available[13],0,credit_capacity_upper_bit
toggle,chiplet_extension/rtl/d2d_adapter/credit_mgr.sv,12,credit_available[14],0,credit_capacity_upper_bit
toggle,chiplet_extension/rtl/d2d_adapter/credit_mgr.sv,12,credit_available[14],0,credit_capacity_upper_bit
toggle,chiplet_extension/rtl/d2d_adapter/credit_mgr.sv,12,credit_available[15],0,credit_capacity_upper_bit
toggle,chiplet_extension/rtl/d2d_adapter/credit_mgr.sv,12,credit_available[15],0,credit_capacity_upper_bit
toggle,chiplet_extension/rtl/d2d_adapter/credit_mgr.sv,12,credit_available[5],0,none
toggle,chiplet_extension/rtl/d2d_adapter/credit_mgr.sv,12,credit_available[6],0,none
toggle,chiplet_extension/rtl/d2d_adapter/credit_mgr.sv,12,credit_available[7],0,none
toggle,chiplet_extension/rtl/d2d_adapter/credit_mgr.sv,12,credit_available[8],0,credit_capacity_upper_bit
toggle,chiplet_extension/rtl/d2d_adapter/credit_mgr.sv,12,credit_available[8],0,credit_capacity_upper_bit
toggle,chiplet_extension/rtl/d2d_adapter/credit_mgr.sv,12,credit_available[9],0,credit_capacity_upper_bit
toggle,chiplet_extension/rtl/d2d_adapter/credit_mgr.sv,12,credit_available[9],0,credit_capacity_upper_bit
toggle,chiplet_extension/rtl/d2d_adapter/credit_mgr.sv,13,underflow,0,none
toggle,chiplet_extension/rtl/d2d_adapter/credit_mgr.sv,13,underflow,0,none
toggle,chiplet_extension/rtl/d2d_adapter/credit_mgr.sv,14,overflow,0,none
toggle,chiplet_extension/rtl/d2d_adapter/credit_mgr.sv,14,overflow,0,none
toggle,chiplet_extension/rtl/d2d_adapter/credit_mgr.sv,19,credit_d[0],0,none
toggle,chiplet_extension/rtl/d2d_adapter/credit_mgr.sv,19,credit_d[10],0,credit_capacity_upper_bit
toggle,chiplet_extension/rtl/d2d_adapter/credit_mgr.sv,19,credit_d[10],0,credit_capacity_upper_bit
toggle,chiplet_extension/rtl/d2d_adapter/credit_mgr.sv,19,credit_d[11],0,credit_capacity_upper_bit
toggle,chiplet_extension/rtl/d2d_adapter/credit_mgr.sv,19,credit_d[11],0,credit_capacity_upper_bit
toggle,chiplet_extension/rtl/d2d_adapter/credit_mgr.sv,19,credit_d[12],0,credit_capacity_upper_bit
toggle,chiplet_extension/rtl/d2d_adapter/credit_mgr.sv,19,credit_d[12],0,credit_capacity_upper_bit
toggle,chiplet_extension/rtl/d2d_adapter/credit_mgr.sv,19,credit_d[13],0,credit_capacity_upper_bit
toggle,chiplet_extension/rtl/d2d_adapter/credit_mgr.sv,19,credit_d[13],0,credit_capacity_upper_bit
toggle,chiplet_extension/rtl/d2d_adapter/credit_mgr.sv,19,credit_d[14],0,credit_capacity_upper_bit
toggle,chiplet_extension/rtl/d2d_adapter/credit_mgr.sv,19,credit_d[14],0,credit_capacity_upper_bit
toggle,chiplet_extension/rtl/d2d_adapter/credit_mgr.sv,19,credit_d[15],0,credit_capacity_upper_bit
toggle,chiplet_extension/rtl/d2d_adapter/credit_mgr.sv,19,credit_d[15],0,credit_capacity_upper_bit
toggle,chiplet_extension/rtl/d2d_adapter/credit_mgr.sv,19,credit_d[5],0,none
toggle,chiplet_extension/rtl/d2d_adapter/credit_mgr.sv,19,credit_d[6],0,none
toggle,chiplet_extension/rtl/d2d_adapter/credit_mgr.sv,19,credit_d[7],0,none
toggle,chiplet_extension/rtl/d2d_adapter/credit_mgr.sv,19,credit_d[8],0,credit_capacity_upper_bit
toggle,chiplet_extension/rtl/d2d_adapter/credit_mgr.sv,19,credit_d[8],0,credit_capacity_upper_bit
toggle,chiplet_extension/rtl/d2d_adapter/credit_mgr.sv,19,credit_d[9],0,credit_capacity_upper_bit
toggle,chiplet_extension/rtl/d2d_adapter/credit_mgr.sv,19,credit_d[9],0,credit_capacity_upper_bit
toggle,chiplet_extension/rtl/d2d_adapter/credit_mgr.sv,19,credit_q[0],0,none
toggle,chiplet_extension/rtl/d2d_adapter/credit_mgr.sv,19,credit_q[10],0,credit_capacity_upper_bit
toggle,chiplet_extension/rtl/d2d_adapter/credit_mgr.sv,19,credit_q[10],0,credit_capacity_upper_bit
toggle,chiplet_extension/rtl/d2d_adapter/credit_mgr.sv,19,credit_q[11],0,credit_capacity_upper_bit
toggle,chiplet_extension/rtl/d2d_adapter/credit_mgr.sv,19,credit_q[11],0,credit_capacity_upper_bit
toggle,chiplet_extension/rtl/d2d_adapter/credit_mgr.sv,19,credit_q[12],0,credit_capacity_upper_bit
toggle,chiplet_extension/rtl/d2d_adapter/credit_mgr.sv,19,credit_q[12],0,credit_capacity_upper_bit
toggle,chiplet_extension/rtl/d2d_adapter/credit_mgr.sv,19,credit_q[13],0,credit_capacity_upper_bit
toggle,chiplet_extension/rtl/d2d_adapter/credit_mgr.sv,19,credit_q[13],0,credit_capacity_upper_bit
toggle,chiplet_extension/rtl/d2d_adapter/credit_mgr.sv,19,credit_q[14],0,credit_capacity_upper_bit
toggle,chiplet_extension/rtl/d2d_adapter/credit_mgr.sv,19,credit_q[14],0,credit_capacity_upper_bit
toggle,chiplet_extension/rtl/d2d_adapter/credit_mgr.sv,19,credit_q[15],0,credit_capacity_upper_bit
toggle,chiplet_extension/rtl/d2d_adapter/credit_mgr.sv,19,credit_q[15],0,credit_capacity_upper_bit
toggle,chiplet_extension/rtl/d2d_adapter/credit_mgr.sv,19,credit_q[5],0,none
toggle,chiplet_extension/rtl/d2d_adapter/credit_mgr.sv,19,credit_q[6],0,none
toggle,chiplet_extension/rtl/d2d_adapter/credit_mgr.sv,19,credit_q[7],0,none
toggle,chiplet_extension/rtl/d2d_adapter/credit_mgr.sv,19,credit_q[8],0,credit_capacity_upper_bit
toggle,chiplet_extension/rtl/d2d_adapter/credit_mgr.sv,19,credit_q[8],0,credit_capacity_upper_bit
toggle,chiplet_extension/rtl/d2d_adapter/credit_mgr.sv,19,credit_q[9],0,credit_capacity_upper_bit
toggle,chiplet_extension/rtl/d2d_adapter/credit_mgr.sv,19,credit_q[9],0,credit_capacity_upper_bit
toggle,chiplet_extension/rtl/d2d_adapter/credit_mgr.sv,20,underflow_d,0,none
toggle,chiplet_extension/rtl/d2d_adapter/credit_mgr.sv,20,underflow_d,0,none
toggle,chiplet_extension/rtl/d2d_adapter/credit_mgr.sv,20,underflow_q,0,none
toggle,chiplet_extension/rtl/d2d_adapter/credit_mgr.sv,20,underflow_q,0,none
toggle,chiplet_extension/rtl/d2d_adapter/credit_mgr.sv,21,overflow_d,0,none
toggle,chiplet_extension/rtl/d2d_adapter/credit_mgr.sv,21,overflow_d,0,none
toggle,chiplet_extension/rtl/d2d_adapter/credit_mgr.sv,21,overflow_q,0,none
toggle,chiplet_extension/rtl/d2d_adapter/credit_mgr.sv,21,overflow_q,0,none
toggle,chiplet_extension/rtl/d2d_adapter/flit_depacketizer.sv,16,crc_error,0,none
toggle,chiplet_extension/rtl/d2d_adapter/flit_depacketizer.sv,56,crc_error_d,0,none
toggle,chiplet_extension/rtl/d2d_adapter/flit_depacketizer.sv,56,crc_error_q,0,none
toggle,chiplet_extension/rtl/d2d_adapter/flit_packetizer.sv,38,word_count_d[2],0,none
toggle,chiplet_extension/rtl/d2d_adapter/flit_packetizer.sv,38,word_count_d[2],0,none
toggle,chiplet_extension/rtl/d2d_adapter/flit_packetizer.sv,38,word_count_q[2],0,none
toggle,chiplet_extension/rtl/d2d_adapter/flit_packetizer.sv,38,word_count_q[2],0,none
toggle,chiplet_extension/rtl/d2d_adapter/link_fsm.sv,16,degraded_mode,0,none
toggle,chiplet_extension/rtl/d2d_adapter/link_fsm.sv,27,state_d[2],0,none
toggle,chiplet_extension/rtl/d2d_adapter/link_fsm.sv,27,state_q[2],0,none
toggle,chiplet_extension/rtl/d2d_adapter/link_fsm.sv,28,timer_d[10],0,none
toggle,chiplet_extension/rtl/d2d_adapter/link_fsm.sv,28,timer_q[10],0,none
toggle,chiplet_extension/rtl/d2d_adapter/retry_ctrl.sv,9,crc_error_detected,0,none
toggle,chiplet_extension/rtl/d2d_adapter/ucie_rx.sv,13,credit_return[10],0,unit_credit_event_upper_bit
toggle,chiplet_extension/rtl/d2d_adapter/ucie_rx.sv,13,credit_return[10],0,unit_credit_event_upper_bit
toggle,chiplet_extension/rtl/d2d_adapter/ucie_rx.sv,13,credit_return[11],0,unit_credit_event_upper_bit
toggle,chiplet_extension/rtl/d2d_adapter/ucie_rx.sv,13,credit_return[11],0,unit_credit_event_upper_bit
toggle,chiplet_extension/rtl/d2d_adapter/ucie_rx.sv,13,credit_return[12],0,unit_credit_event_upper_bit
toggle,chiplet_extension/rtl/d2d_adapter/ucie_rx.sv,13,credit_return[12],0,unit_credit_event_upper_bit
toggle,chiplet_extension/rtl/d2d_adapter/ucie_rx.sv,13,credit_return[13],0,unit_credit_event_upper_bit
toggle,chiplet_extension/rtl/d2d_adapter/ucie_rx.sv,13,credit_return[13],0,unit_credit_event_upper_bit
toggle,chiplet_extension/rtl/d2d_adapter/ucie_rx.sv,13,credit_return[14],0,unit_credit_event_upper_bit
toggle,chiplet_extension/rtl/d2d_adapter/ucie_rx.sv,13,credit_return[14],0,unit_credit_event_upper_bit
toggle,chiplet_extension/rtl/d2d_adapter/ucie_rx.sv,13,credit_return[15],0,unit_credit_event_upper_bit
toggle,chiplet_extension/rtl/d2d_adapter/ucie_rx.sv,13,credit_return[15],0,unit_credit_event_upper_bit
toggle,chiplet_extension/rtl/d2d_adapter/ucie_rx.sv,13,credit_return[1],0,unit_credit_event_upper_bit
toggle,chiplet_extension/rtl/d2d_adapter/ucie_rx.sv,13,credit_return[1],0,unit_credit_event_upper_bit
toggle,chiplet_extension/rtl/d2d_adapter/ucie_rx.sv,13,credit_return[2],0,unit_credit_event_upper_bit
toggle,chiplet_extension/rtl/d2d_adapter/ucie_rx.sv,13,credit_return[2],0,unit_credit_event_upper_bit
toggle,chiplet_extension/rtl/d2d_adapter/ucie_rx.sv,13,credit_return[3],0,unit_credit_event_upper_bit
toggle,chiplet_extension/rtl/d2d_adapter/ucie_rx.sv,13,credit_return[3],0,unit_credit_event_upper_bit
toggle,chiplet_extension/rtl/d2d_adapter/ucie_rx.sv,13,credit_return[4],0,unit_credit_event_upper_bit
toggle,chiplet_extension/rtl/d2d_adapter/ucie_rx.sv,13,credit_return[4],0,unit_credit_event_upper_bit
toggle,chiplet_extension/rtl/d2d_adapter/ucie_rx.sv,13,credit_return[5],0,unit_credit_event_upper_bit
toggle,chiplet_extension/rtl/d2d_adapter/ucie_rx.sv,13,credit_return[5],0,unit_credit_event_upper_bit
toggle,chiplet_extension/rtl/d2d_adapter/ucie_rx.sv,13,credit_return[6],0,unit_credit_event_upper_bit
toggle,chiplet_extension/rtl/d2d_adapter/ucie_rx.sv,13,credit_return[6],0,unit_credit_event_upper_bit
toggle,chiplet_extension/rtl/d2d_adapter/ucie_rx.sv,13,credit_return[7],0,unit_credit_event_upper_bit
toggle,chiplet_extension/rtl/d2d_adapter/ucie_rx.sv,13,credit_return[7],0,unit_credit_event_upper_bit
toggle,chiplet_extension/rtl/d2d_adapter/ucie_rx.sv,13,credit_return[8],0,unit_credit_event_upper_bit
toggle,chiplet_extension/rtl/d2d_adapter/ucie_rx.sv,13,credit_return[8],0,unit_credit_event_upper_bit
toggle,chiplet_extension/rtl/d2d_adapter/ucie_rx.sv,13,credit_return[9],0,unit_credit_event_upper_bit
toggle,chiplet_extension/rtl/d2d_adapter/ucie_rx.sv,13,credit_return[9],0,unit_credit_event_upper_bit
toggle,chiplet_extension/rtl/d2d_adapter/ucie_tx.sv,14,crc_error,0,none
toggle,chiplet_extension/rtl/d2d_adapter/ucie_tx.sv,14,crc_error,0,none
toggle,chiplet_extension/rtl/d2d_adapter/ucie_tx.sv,15,available_credits[10],0,credit_capacity_upper_bit
toggle,chiplet_extension/rtl/d2d_adapter/ucie_tx.sv,15,available_credits[10],0,credit_capacity_upper_bit
toggle,chiplet_extension/rtl/d2d_adapter/ucie_tx.sv,15,available_credits[11],0,credit_capacity_upper_bit
toggle,chiplet_extension/rtl/d2d_adapter/ucie_tx.sv,15,available_credits[11],0,credit_capacity_upper_bit
toggle,chiplet_extension/rtl/d2d_adapter/ucie_tx.sv,15,available_credits[12],0,credit_capacity_upper_bit
toggle,chiplet_extension/rtl/d2d_adapter/ucie_tx.sv,15,available_credits[12],0,credit_capacity_upper_bit
toggle,chiplet_extension/rtl/d2d_adapter/ucie_tx.sv,15,available_credits[13],0,credit_capacity_upper_bit
toggle,chiplet_extension/rtl/d2d_adapter/ucie_tx.sv,15,available_credits[13],0,credit_capacity_upper_bit
toggle,chiplet_extension/rtl/d2d_adapter/ucie_tx.sv,15,available_credits[14],0,credit_capacity_upper_bit
toggle,chiplet_extension/rtl/d2d_adapter/ucie_tx.sv,15,available_credits[14],0,credit_capacity_upper_bit
toggle,chiplet_extension/rtl/d2d_adapter/ucie_tx.sv,15,available_credits[15],0,credit_capacity_upper_bit
toggle,chiplet_extension/rtl/d2d_adapter/ucie_tx.sv,15,available_credits[15],0,credit_capacity_upper_bit
toggle,chiplet_extension/rtl/d2d_adapter/ucie_tx.sv,15,available_credits[8],0,credit_capacity_upper_bit
toggle,chiplet_extension/rtl/d2d_adapter/ucie_tx.sv,15,available_credits[8],0,credit_capacity_upper_bit
toggle,chiplet_extension/rtl/d2d_adapter/ucie_tx.sv,15,available_credits[9],0,credit_capacity_upper_bit
toggle,chiplet_extension/rtl/d2d_adapter/ucie_tx.sv,15,available_credits[9],0,credit_capacity_upper_bit
toggle,chiplet_extension/rtl/d2d_adapter/ucie_tx.sv,16,credit_consumed[10],0,unit_credit_event_upper_bit
toggle,chiplet_extension/rtl/d2d_adapter/ucie_tx.sv,16,credit_consumed[10],0,unit_credit_event_upper_bit
toggle,chiplet_extension/rtl/d2d_adapter/ucie_tx.sv,16,credit_consumed[11],0,unit_credit_event_upper_bit
toggle,chiplet_extension/rtl/d2d_adapter/ucie_tx.sv,16,credit_consumed[11],0,unit_credit_event_upper_bit
toggle,chiplet_extension/rtl/d2d_adapter/ucie_tx.sv,16,credit_consumed[12],0,unit_credit_event_upper_bit
toggle,chiplet_extension/rtl/d2d_adapter/ucie_tx.sv,16,credit_consumed[12],0,unit_credit_event_upper_bit
toggle,chiplet_extension/rtl/d2d_adapter/ucie_tx.sv,16,credit_consumed[13],0,unit_credit_event_upper_bit
toggle,chiplet_extension/rtl/d2d_adapter/ucie_tx.sv,16,credit_consumed[13],0,unit_credit_event_upper_bit
toggle,chiplet_extension/rtl/d2d_adapter/ucie_tx.sv,16,credit_consumed[14],0,unit_credit_event_upper_bit
toggle,chiplet_extension/rtl/d2d_adapter/ucie_tx.sv,16,credit_consumed[14],0,unit_credit_event_upper_bit
toggle,chiplet_extension/rtl/d2d_adapter/ucie_tx.sv,16,credit_consumed[15],0,unit_credit_event_upper_bit
toggle,chiplet_extension/rtl/d2d_adapter/ucie_tx.sv,16,credit_consumed[15],0,unit_credit_event_upper_bit
toggle,chiplet_extension/rtl/d2d_adapter/ucie_tx.sv,16,credit_consumed[1],0,unit_credit_event_upper_bit
toggle,chiplet_extension/rtl/d2d_adapter/ucie_tx.sv,16,credit_consumed[1],0,unit_credit_event_upper_bit
toggle,chiplet_extension/rtl/d2d_adapter/ucie_tx.sv,16,credit_consumed[2],0,unit_credit_event_upper_bit
toggle,chiplet_extension/rtl/d2d_adapter/ucie_tx.sv,16,credit_consumed[2],0,unit_credit_event_upper_bit
toggle,chiplet_extension/rtl/d2d_adapter/ucie_tx.sv,16,credit_consumed[3],0,unit_credit_event_upper_bit
toggle,chiplet_extension/rtl/d2d_adapter/ucie_tx.sv,16,credit_consumed[3],0,unit_credit_event_upper_bit
toggle,chiplet_extension/rtl/d2d_adapter/ucie_tx.sv,16,credit_consumed[4],0,unit_credit_event_upper_bit
toggle,chiplet_extension/rtl/d2d_adapter/ucie_tx.sv,16,credit_consumed[4],0,unit_credit_event_upper_bit
toggle,chiplet_extension/rtl/d2d_adapter/ucie_tx.sv,16,credit_consumed[5],0,unit_credit_event_upper_bit
toggle,chiplet_extension/rtl/d2d_adapter/ucie_tx.sv,16,credit_consumed[5],0,unit_credit_event_upper_bit
toggle,chiplet_extension/rtl/d2d_adapter/ucie_tx.sv,16,credit_consumed[6],0,unit_credit_event_upper_bit
toggle,chiplet_extension/rtl/d2d_adapter/ucie_tx.sv,16,credit_consumed[6],0,unit_credit_event_upper_bit
toggle,chiplet_extension/rtl/d2d_adapter/ucie_tx.sv,16,credit_consumed[7],0,unit_credit_event_upper_bit
toggle,chiplet_extension/rtl/d2d_adapter/ucie_tx.sv,16,credit_consumed[7],0,unit_credit_event_upper_bit
toggle,chiplet_extension/rtl/d2d_adapter/ucie_tx.sv,16,credit_consumed[8],0,unit_credit_event_upper_bit
toggle,chiplet_extension/rtl/d2d_adapter/ucie_tx.sv,16,credit_consumed[8],0,unit_credit_event_upper_bit
toggle,chiplet_extension/rtl/d2d_adapter/ucie_tx.sv,16,credit_consumed[9],0,unit_credit_event_upper_bit
toggle,chiplet_extension/rtl/d2d_adapter/ucie_tx.sv,16,credit_consumed[9],0,unit_credit_event_upper_bit
toggle,chiplet_extension/rtl/die_a/die_a_system.sv,15,crypto_error,0,none
toggle,chiplet_extension/rtl/die_a/die_a_system.sv,37,error_flag_q,0,none
toggle,chiplet_extension/rtl/die_a/die_a_system.sv,41,sb_word_count_q[1],0,none
toggle,chiplet_extension/rtl/die_a/die_a_system.sv,53,expected_fifo_tail_q[0],0,none
toggle,chiplet_extension/rtl/die_a/die_a_system.sv,54,expected_fifo_count_q[5],0,none
toggle,chiplet_extension/rtl/die_a/dma_offload_ctrl.sv,18,cfg_addr[0],0,none
toggle,chiplet_extension/rtl/die_a/dma_offload_ctrl.sv,18,cfg_addr[1],0,none
toggle,chiplet_extension/rtl/die_a/dma_offload_ctrl.sv,117,staged_dst_base_q[0],0,none
toggle,chiplet_extension/rtl/die_a/dma_offload_ctrl.sv,117,staged_dst_base_q[1],0,none
toggle,chiplet_extension/rtl/die_a/dma_offload_ctrl.sv,118,staged_len_words_q[6],0,none
toggle,chiplet_extension/rtl/die_a/dma_offload_ctrl.sv,118,staged_len_words_q[7],0,none
toggle,chiplet_extension/rtl/die_a/dma_offload_ctrl.sv,118,staged_len_words_q[8],0,none
toggle,chiplet_extension/rtl/die_a/dma_offload_ctrl.sv,127,submit_src_base_q[1][7],0,none
toggle,chiplet_extension/rtl/die_a/dma_offload_ctrl.sv,127,submit_src_base_q[2][2],0,none
toggle,chiplet_extension/rtl/die_a/dma_offload_ctrl.sv,127,submit_src_base_q[3][3],0,none
toggle,chiplet_extension/rtl/die_a/dma_offload_ctrl.sv,128,submit_dst_base_q[0][0],0,none
toggle,chiplet_extension/rtl/die_a/dma_offload_ctrl.sv,128,submit_dst_base_q[0][1],0,none
toggle,chiplet_extension/rtl/die_a/dma_offload_ctrl.sv,128,submit_dst_base_q[1][0],0,none
toggle,chiplet_extension/rtl/die_a/dma_offload_ctrl.sv,128,submit_dst_base_q[1][1],0,none
toggle,chiplet_extension/rtl/die_a/dma_offload_ctrl.sv,128,submit_dst_base_q[2][0],0,none
toggle,chiplet_extension/rtl/die_a/dma_offload_ctrl.sv,128,submit_dst_base_q[2][1],0,none
toggle,chiplet_extension/rtl/die_a/dma_offload_ctrl.sv,128,submit_dst_base_q[2][2],0,none
toggle,chiplet_extension/rtl/die_a/dma_offload_ctrl.sv,128,submit_dst_base_q[3][0],0,none
toggle,chiplet_extension/rtl/die_a/dma_offload_ctrl.sv,128,submit_dst_base_q[3][1],0,none
toggle,chiplet_extension/rtl/die_a/dma_offload_ctrl.sv,137,comp_err_code_q[0][3],0,none
toggle,chiplet_extension/rtl/die_a/dma_offload_ctrl.sv,137,comp_err_code_q[1][2],0,none
toggle,chiplet_extension/rtl/die_a/dma_offload_ctrl.sv,137,comp_err_code_q[1][3],0,none
toggle,chiplet_extension/rtl/die_a/dma_offload_ctrl.sv,137,comp_err_code_q[2][3],0,none
toggle,chiplet_extension/rtl/die_a/dma_offload_ctrl.sv,137,comp_err_code_q[3][2],0,none
toggle,chiplet_extension/rtl/die_a/dma_offload_ctrl.sv,137,comp_err_code_q[3][3],0,none
toggle,chiplet_extension/rtl/die_a/dma_offload_ctrl.sv,145,submit_reject_err_code_q[3],0,none
toggle,chiplet_extension/rtl/die_a/dma_offload_ctrl.sv,147,reject_overflow_count_q[10],0,long_horizon_diagnostic_counter
toggle,chiplet_extension/rtl/die_a/dma_offload_ctrl.sv,147,reject_overflow_count_q[11],0,long_horizon_diagnostic_counter
toggle,chiplet_extension/rtl/die_a/dma_offload_ctrl.sv,147,reject_overflow_count_q[12],0,long_horizon_diagnostic_counter
toggle,chiplet_extension/rtl/die_a/dma_offload_ctrl.sv,147,reject_overflow_count_q[13],0,long_horizon_diagnostic_counter
toggle,chiplet_extension/rtl/die_a/dma_offload_ctrl.sv,147,reject_overflow_count_q[14],0,long_horizon_diagnostic_counter
toggle,chiplet_extension/rtl/die_a/dma_offload_ctrl.sv,147,reject_overflow_count_q[15],0,long_horizon_diagnostic_counter
toggle,chiplet_extension/rtl/die_a/dma_offload_ctrl.sv,147,reject_overflow_count_q[16],0,long_horizon_diagnostic_counter
toggle,chiplet_extension/rtl/die_a/dma_offload_ctrl.sv,147,reject_overflow_count_q[17],0,long_horizon_diagnostic_counter
toggle,chiplet_extension/rtl/die_a/dma_offload_ctrl.sv,147,reject_overflow_count_q[18],0,long_horizon_diagnostic_counter
toggle,chiplet_extension/rtl/die_a/dma_offload_ctrl.sv,147,reject_overflow_count_q[19],0,long_horizon_diagnostic_counter
toggle,chiplet_extension/rtl/die_a/dma_offload_ctrl.sv,147,reject_overflow_count_q[1],0,long_horizon_diagnostic_counter
toggle,chiplet_extension/rtl/die_a/dma_offload_ctrl.sv,147,reject_overflow_count_q[20],0,long_horizon_diagnostic_counter
toggle,chiplet_extension/rtl/die_a/dma_offload_ctrl.sv,147,reject_overflow_count_q[21],0,long_horizon_diagnostic_counter
toggle,chiplet_extension/rtl/die_a/dma_offload_ctrl.sv,147,reject_overflow_count_q[22],0,long_horizon_diagnostic_counter
toggle,chiplet_extension/rtl/die_a/dma_offload_ctrl.sv,147,reject_overflow_count_q[23],0,long_horizon_diagnostic_counter
toggle,chiplet_extension/rtl/die_a/dma_offload_ctrl.sv,147,reject_overflow_count_q[24],0,long_horizon_diagnostic_counter
toggle,chiplet_extension/rtl/die_a/dma_offload_ctrl.sv,147,reject_overflow_count_q[25],0,long_horizon_diagnostic_counter
toggle,chiplet_extension/rtl/die_a/dma_offload_ctrl.sv,147,reject_overflow_count_q[26],0,long_horizon_diagnostic_counter
toggle,chiplet_extension/rtl/die_a/dma_offload_ctrl.sv,147,reject_overflow_count_q[27],0,long_horizon_diagnostic_counter
toggle,chiplet_extension/rtl/die_a/dma_offload_ctrl.sv,147,reject_overflow_count_q[28],0,long_horizon_diagnostic_counter
toggle,chiplet_extension/rtl/die_a/dma_offload_ctrl.sv,147,reject_overflow_count_q[29],0,long_horizon_diagnostic_counter
toggle,chiplet_extension/rtl/die_a/dma_offload_ctrl.sv,147,reject_overflow_count_q[2],0,long_horizon_diagnostic_counter
toggle,chiplet_extension/rtl/die_a/dma_offload_ctrl.sv,147,reject_overflow_count_q[30],0,long_horizon_diagnostic_counter
toggle,chiplet_extension/rtl/die_a/dma_offload_ctrl.sv,147,reject_overflow_count_q[31],0,long_horizon_diagnostic_counter
toggle,chiplet_extension/rtl/die_a/dma_offload_ctrl.sv,147,reject_overflow_count_q[3],0,long_horizon_diagnostic_counter
toggle,chiplet_extension/rtl/die_a/dma_offload_ctrl.sv,147,reject_overflow_count_q[4],0,long_horizon_diagnostic_counter
toggle,chiplet_extension/rtl/die_a/dma_offload_ctrl.sv,147,reject_overflow_count_q[5],0,long_horizon_diagnostic_counter
toggle,chiplet_extension/rtl/die_a/dma_offload_ctrl.sv,147,reject_overflow_count_q[6],0,long_horizon_diagnostic_counter
toggle,chiplet_extension/rtl/die_a/dma_offload_ctrl.sv,147,reject_overflow_count_q[7],0,long_horizon_diagnostic_counter
toggle,chiplet_extension/rtl/die_a/dma_offload_ctrl.sv,147,reject_overflow_count_q[8],0,long_horizon_diagnostic_counter
toggle,chiplet_extension/rtl/die_a/dma_offload_ctrl.sv,147,reject_overflow_count_q[9],0,long_horizon_diagnostic_counter
toggle,chiplet_extension/rtl/die_a/dma_offload_ctrl.sv,151,active_dst_base_q[0],0,none
toggle,chiplet_extension/rtl/die_a/dma_offload_ctrl.sv,151,active_dst_base_q[1],0,none
toggle,chiplet_extension/rtl/die_a/dma_offload_ctrl.sv,152,active_len_words_q[0],0,none
toggle,chiplet_extension/rtl/die_a/dma_offload_ctrl.sv,152,active_len_words_q[6],0,none
toggle,chiplet_extension/rtl/die_a/dma_offload_ctrl.sv,152,active_len_words_q[7],0,none
toggle,chiplet_extension/rtl/die_a/dma_offload_ctrl.sv,152,active_len_words_q[8],0,none
toggle,chiplet_extension/rtl/die_a/dma_offload_ctrl.sv,154,send_count_q[6],0,none
toggle,chiplet_extension/rtl/die_a/dma_offload_ctrl.sv,154,send_count_q[7],0,none
toggle,chiplet_extension/rtl/die_a/dma_offload_ctrl.sv,154,send_count_q[8],0,none
toggle,chiplet_extension/rtl/die_a/dma_offload_ctrl.sv,155,recv_count_q[5],0,none
toggle,chiplet_extension/rtl/die_a/dma_offload_ctrl.sv,155,recv_count_q[6],0,none
toggle,chiplet_extension/rtl/die_a/dma_offload_ctrl.sv,155,recv_count_q[7],0,none
toggle,chiplet_extension/rtl/die_a/dma_offload_ctrl.sv,155,recv_count_q[8],0,none
toggle,chiplet_extension/rtl/die_a/dma_offload_ctrl.sv,160,retire_tag_q[15],0,none
toggle,chiplet_extension/rtl/die_a/dma_offload_ctrl.sv,160,retire_tag_q[7],0,none
toggle,chiplet_extension/rtl/die_a/dma_offload_ctrl.sv,162,retire_err_code_q[0],0,none
toggle,chiplet_extension/rtl/die_a/dma_offload_ctrl.sv,162,retire_err_code_q[1],0,none
toggle,chiplet_extension/rtl/die_a/dma_offload_ctrl.sv,162,retire_err_code_q[3],0,none
toggle,chiplet_extension/rtl/die_a/dma_offload_ctrl.sv,163,retire_words_q[0],0,none
toggle,chiplet_extension/rtl/die_a/dma_offload_ctrl.sv,163,retire_words_q[1],0,none
toggle,chiplet_extension/rtl/die_a/dma_offload_ctrl.sv,163,retire_words_q[3],0,none
toggle,chiplet_extension/rtl/die_a/dma_offload_ctrl.sv,163,retire_words_q[4],0,none
toggle,chiplet_extension/rtl/die_a/dma_offload_ctrl.sv,163,retire_words_q[5],0,none
toggle,chiplet_extension/rtl/die_a/dma_offload_ctrl.sv,163,retire_words_q[6],0,none
toggle,chiplet_extension/rtl/die_a/dma_offload_ctrl.sv,163,retire_words_q[7],0,none
toggle,chiplet_extension/rtl/die_a/dma_offload_ctrl.sv,163,retire_words_q[8],0,none
toggle,chiplet_extension/rtl/die_a/dma_offload_ctrl.sv,164,last_err_code_q[3],0,none
toggle,chiplet_extension/rtl/die_a/dma_offload_ctrl.sv,168,src_deep_retain_bank_mask_q[1],0,none
toggle,chiplet_extension/rtl/die_a/dma_offload_ctrl.sv,169,dst_deep_retain_bank_mask_q[0],0,none
toggle,chiplet_extension/rtl/die_a/dma_offload_ctrl.sv,198,src_parity_errors_q[10],0,long_horizon_diagnostic_counter
toggle,chiplet_extension/rtl/die_a/dma_offload_ctrl.sv,198,src_parity_errors_q[11],0,long_horizon_diagnostic_counter
toggle,chiplet_extension/rtl/die_a/dma_offload_ctrl.sv,198,src_parity_errors_q[12],0,long_horizon_diagnostic_counter
toggle,chiplet_extension/rtl/die_a/dma_offload_ctrl.sv,198,src_parity_errors_q[13],0,long_horizon_diagnostic_counter
toggle,chiplet_extension/rtl/die_a/dma_offload_ctrl.sv,198,src_parity_errors_q[14],0,long_horizon_diagnostic_counter
toggle,chiplet_extension/rtl/die_a/dma_offload_ctrl.sv,198,src_parity_errors_q[15],0,long_horizon_diagnostic_counter
toggle,chiplet_extension/rtl/die_a/dma_offload_ctrl.sv,198,src_parity_errors_q[1],0,long_horizon_diagnostic_counter
toggle,chiplet_extension/rtl/die_a/dma_offload_ctrl.sv,198,src_parity_errors_q[2],0,long_horizon_diagnostic_counter
toggle,chiplet_extension/rtl/die_a/dma_offload_ctrl.sv,198,src_parity_errors_q[3],0,long_horizon_diagnostic_counter
toggle,chiplet_extension/rtl/die_a/dma_offload_ctrl.sv,198,src_parity_errors_q[4],0,long_horizon_diagnostic_counter
toggle,chiplet_extension/rtl/die_a/dma_offload_ctrl.sv,198,src_parity_errors_q[5],0,long_horizon_diagnostic_counter
toggle,chiplet_extension/rtl/die_a/dma_offload_ctrl.sv,198,src_parity_errors_q[6],0,long_horizon_diagnostic_counter
toggle,chiplet_extension/rtl/die_a/dma_offload_ctrl.sv,198,src_parity_errors_q[7],0,long_horizon_diagnostic_counter
toggle,chiplet_extension/rtl/die_a/dma_offload_ctrl.sv,198,src_parity_errors_q[8],0,long_horizon_diagnostic_counter
toggle,chiplet_extension/rtl/die_a/dma_offload_ctrl.sv,198,src_parity_errors_q[9],0,long_horizon_diagnostic_counter
toggle,chiplet_extension/rtl/die_a/dma_offload_ctrl.sv,199,dst_parity_errors_q[10],0,long_horizon_diagnostic_counter
toggle,chiplet_extension/rtl/die_a/dma_offload_ctrl.sv,199,dst_parity_errors_q[11],0,long_horizon_diagnostic_counter
toggle,chiplet_extension/rtl/die_a/dma_offload_ctrl.sv,199,dst_parity_errors_q[12],0,long_horizon_diagnostic_counter
toggle,chiplet_extension/rtl/die_a/dma_offload_ctrl.sv,199,dst_parity_errors_q[13],0,long_horizon_diagnostic_counter
toggle,chiplet_extension/rtl/die_a/dma_offload_ctrl.sv,199,dst_parity_errors_q[14],0,long_horizon_diagnostic_counter
toggle,chiplet_extension/rtl/die_a/dma_offload_ctrl.sv,199,dst_parity_errors_q[15],0,long_horizon_diagnostic_counter
toggle,chiplet_extension/rtl/die_a/dma_offload_ctrl.sv,199,dst_parity_errors_q[1],0,long_horizon_diagnostic_counter
toggle,chiplet_extension/rtl/die_a/dma_offload_ctrl.sv,199,dst_parity_errors_q[2],0,long_horizon_diagnostic_counter
toggle,chiplet_extension/rtl/die_a/dma_offload_ctrl.sv,199,dst_parity_errors_q[3],0,long_horizon_diagnostic_counter
toggle,chiplet_extension/rtl/die_a/dma_offload_ctrl.sv,199,dst_parity_errors_q[4],0,long_horizon_diagnostic_counter
toggle,chiplet_extension/rtl/die_a/dma_offload_ctrl.sv,199,dst_parity_errors_q[5],0,long_horizon_diagnostic_counter
toggle,chiplet_extension/rtl/die_a/dma_offload_ctrl.sv,199,dst_parity_errors_q[6],0,long_horizon_diagnostic_counter
toggle,chiplet_extension/rtl/die_a/dma_offload_ctrl.sv,199,dst_parity_errors_q[7],0,long_horizon_diagnostic_counter
toggle,chiplet_extension/rtl/die_a/dma_offload_ctrl.sv,199,dst_parity_errors_q[8],0,long_horizon_diagnostic_counter
toggle,chiplet_extension/rtl/die_a/dma_offload_ctrl.sv,199,dst_parity_errors_q[9],0,long_horizon_diagnostic_counter
toggle,chiplet_extension/rtl/die_a/dma_offload_ctrl.sv,200,src_conflicts_q[10],0,long_horizon_diagnostic_counter
toggle,chiplet_extension/rtl/die_a/dma_offload_ctrl.sv,200,src_conflicts_q[11],0,long_horizon_diagnostic_counter
toggle,chiplet_extension/rtl/die_a/dma_offload_ctrl.sv,200,src_conflicts_q[12],0,long_horizon_diagnostic_counter
toggle,chiplet_extension/rtl/die_a/dma_offload_ctrl.sv,200,src_conflicts_q[13],0,long_horizon_diagnostic_counter
toggle,chiplet_extension/rtl/die_a/dma_offload_ctrl.sv,200,src_conflicts_q[14],0,long_horizon_diagnostic_counter
toggle,chiplet_extension/rtl/die_a/dma_offload_ctrl.sv,200,src_conflicts_q[15],0,long_horizon_diagnostic_counter
toggle,chiplet_extension/rtl/die_a/dma_offload_ctrl.sv,200,src_conflicts_q[4],0,long_horizon_diagnostic_counter
toggle,chiplet_extension/rtl/die_a/dma_offload_ctrl.sv,200,src_conflicts_q[5],0,long_horizon_diagnostic_counter
toggle,chiplet_extension/rtl/die_a/dma_offload_ctrl.sv,200,src_conflicts_q[6],0,long_horizon_diagnostic_counter
toggle,chiplet_extension/rtl/die_a/dma_offload_ctrl.sv,200,src_conflicts_q[7],0,long_horizon_diagnostic_counter
toggle,chiplet_extension/rtl/die_a/dma_offload_ctrl.sv,200,src_conflicts_q[8],0,long_horizon_diagnostic_counter
toggle,chiplet_extension/rtl/die_a/dma_offload_ctrl.sv,200,src_conflicts_q[9],0,long_horizon_diagnostic_counter
toggle,chiplet_extension/rtl/die_a/dma_offload_ctrl.sv,201,dst_conflicts_q[10],0,long_horizon_diagnostic_counter
toggle,chiplet_extension/rtl/die_a/dma_offload_ctrl.sv,201,dst_conflicts_q[11],0,long_horizon_diagnostic_counter
toggle,chiplet_extension/rtl/die_a/dma_offload_ctrl.sv,201,dst_conflicts_q[12],0,long_horizon_diagnostic_counter
toggle,chiplet_extension/rtl/die_a/dma_offload_ctrl.sv,201,dst_conflicts_q[13],0,long_horizon_diagnostic_counter
toggle,chiplet_extension/rtl/die_a/dma_offload_ctrl.sv,201,dst_conflicts_q[14],0,long_horizon_diagnostic_counter
toggle,chiplet_extension/rtl/die_a/dma_offload_ctrl.sv,201,dst_conflicts_q[15],0,long_horizon_diagnostic_counter
toggle,chiplet_extension/rtl/die_a/dma_offload_ctrl.sv,201,dst_conflicts_q[1],0,long_horizon_diagnostic_counter
toggle,chiplet_extension/rtl/die_a/dma_offload_ctrl.sv,201,dst_conflicts_q[2],0,long_horizon_diagnostic_counter
toggle,chiplet_extension/rtl/die_a/dma_offload_ctrl.sv,201,dst_conflicts_q[3],0,long_horizon_diagnostic_counter
toggle,chiplet_extension/rtl/die_a/dma_offload_ctrl.sv,201,dst_conflicts_q[4],0,long_horizon_diagnostic_counter
toggle,chiplet_extension/rtl/die_a/dma_offload_ctrl.sv,201,dst_conflicts_q[5],0,long_horizon_diagnostic_counter
toggle,chiplet_extension/rtl/die_a/dma_offload_ctrl.sv,201,dst_conflicts_q[6],0,long_horizon_diagnostic_counter
toggle,chiplet_extension/rtl/die_a/dma_offload_ctrl.sv,201,dst_conflicts_q[7],0,long_horizon_diagnostic_counter
toggle,chiplet_extension/rtl/die_a/dma_offload_ctrl.sv,201,dst_conflicts_q[8],0,long_horizon_diagnostic_counter
toggle,chiplet_extension/rtl/die_a/dma_offload_ctrl.sv,201,dst_conflicts_q[9],0,long_horizon_diagnostic_counter
toggle,chiplet_extension/rtl/die_a/dma_offload_ctrl.sv,202,src_wait_cycles_q[10],0,long_horizon_diagnostic_counter
toggle,chiplet_extension/rtl/die_a/dma_offload_ctrl.sv,202,src_wait_cycles_q[11],0,long_horizon_diagnostic_counter
toggle,chiplet_extension/rtl/die_a/dma_offload_ctrl.sv,202,src_wait_cycles_q[12],0,long_horizon_diagnostic_counter
toggle,chiplet_extension/rtl/die_a/dma_offload_ctrl.sv,202,src_wait_cycles_q[13],0,long_horizon_diagnostic_counter
toggle,chiplet_extension/rtl/die_a/dma_offload_ctrl.sv,202,src_wait_cycles_q[14],0,long_horizon_diagnostic_counter
toggle,chiplet_extension/rtl/die_a/dma_offload_ctrl.sv,202,src_wait_cycles_q[15],0,long_horizon_diagnostic_counter
toggle,chiplet_extension/rtl/die_a/dma_offload_ctrl.sv,202,src_wait_cycles_q[4],0,long_horizon_diagnostic_counter
toggle,chiplet_extension/rtl/die_a/dma_offload_ctrl.sv,202,src_wait_cycles_q[5],0,long_horizon_diagnostic_counter
toggle,chiplet_extension/rtl/die_a/dma_offload_ctrl.sv,202,src_wait_cycles_q[6],0,long_horizon_diagnostic_counter
toggle,chiplet_extension/rtl/die_a/dma_offload_ctrl.sv,202,src_wait_cycles_q[7],0,long_horizon_diagnostic_counter
toggle,chiplet_extension/rtl/die_a/dma_offload_ctrl.sv,202,src_wait_cycles_q[8],0,long_horizon_diagnostic_counter
toggle,chiplet_extension/rtl/die_a/dma_offload_ctrl.sv,202,src_wait_cycles_q[9],0,long_horizon_diagnostic_counter
toggle,chiplet_extension/rtl/die_a/dma_offload_ctrl.sv,203,dst_wait_cycles_q[10],0,long_horizon_diagnostic_counter
toggle,chiplet_extension/rtl/die_a/dma_offload_ctrl.sv,203,dst_wait_cycles_q[11],0,long_horizon_diagnostic_counter
toggle,chiplet_extension/rtl/die_a/dma_offload_ctrl.sv,203,dst_wait_cycles_q[12],0,long_horizon_diagnostic_counter
toggle,chiplet_extension/rtl/die_a/dma_offload_ctrl.sv,203,dst_wait_cycles_q[13],0,long_horizon_diagnostic_counter
toggle,chiplet_extension/rtl/die_a/dma_offload_ctrl.sv,203,dst_wait_cycles_q[14],0,long_horizon_diagnostic_counter
toggle,chiplet_extension/rtl/die_a/dma_offload_ctrl.sv,203,dst_wait_cycles_q[15],0,long_horizon_diagnostic_counter
toggle,chiplet_extension/rtl/die_a/dma_offload_ctrl.sv,203,dst_wait_cycles_q[1],0,long_horizon_diagnostic_counter
toggle,chiplet_extension/rtl/die_a/dma_offload_ctrl.sv,203,dst_wait_cycles_q[2],0,long_horizon_diagnostic_counter
toggle,chiplet_extension/rtl/die_a/dma_offload_ctrl.sv,203,dst_wait_cycles_q[3],0,long_horizon_diagnostic_counter
toggle,chiplet_extension/rtl/die_a/dma_offload_ctrl.sv,203,dst_wait_cycles_q[4],0,long_horizon_diagnostic_counter
toggle,chiplet_extension/rtl/die_a/dma_offload_ctrl.sv,203,dst_wait_cycles_q[5],0,long_horizon_diagnostic_counter
toggle,chiplet_extension/rtl/die_a/dma_offload_ctrl.sv,203,dst_wait_cycles_q[6],0,long_horizon_diagnostic_counter
toggle,chiplet_extension/rtl/die_a/dma_offload_ctrl.sv,203,dst_wait_cycles_q[7],0,long_horizon_diagnostic_counter
toggle,chiplet_extension/rtl/die_a/dma_offload_ctrl.sv,203,dst_wait_cycles_q[8],0,long_horizon_diagnostic_counter
toggle,chiplet_extension/rtl/die_a/dma_offload_ctrl.sv,203,dst_wait_cycles_q[9],0,long_horizon_diagnostic_counter
toggle,chiplet_extension/rtl/die_a/dma_offload_ctrl.sv,209,last_mem_err_kind_q[2],0,none
toggle,chiplet_extension/rtl/die_a/dma_offload_ctrl.sv,218,comp_push_err_code_q[3],0,none
toggle,chiplet_extension/rtl/die_a/dma_offload_ctrl.sv,219,comp_push_words_q[0],0,none
toggle,chiplet_extension/rtl/die_a/dma_offload_ctrl.sv,219,comp_push_words_q[1],0,none
toggle,chiplet_extension/rtl/die_a/dma_offload_ctrl.sv,219,comp_push_words_q[6],0,none
toggle,chiplet_extension/rtl/die_a/dma_offload_ctrl.sv,219,comp_push_words_q[7],0,none
toggle,chiplet_extension/rtl/die_a/dma_offload_ctrl.sv,219,comp_push_words_q[8],0,none
toggle,chiplet_extension/rtl/die_a/dma_offload_ctrl.sv,222,comp_pop_err_code_q[3],0,none
toggle,chiplet_extension/rtl/die_a/dma_offload_ctrl.sv,223,comp_pop_words_q[0],0,none
toggle,chiplet_extension/rtl/die_a/dma_offload_ctrl.sv,223,comp_pop_words_q[1],0,none
toggle,chiplet_extension/rtl/die_a/dma_offload_ctrl.sv,223,comp_pop_words_q[5],0,none
toggle,chiplet_extension/rtl/die_a/dma_offload_ctrl.sv,223,comp_pop_words_q[6],0,none
toggle,chiplet_extension/rtl/die_a/dma_offload_ctrl.sv,223,comp_pop_words_q[7],0,none
toggle,chiplet_extension/rtl/die_a/dma_offload_ctrl.sv,223,comp_pop_words_q[8],0,none
toggle,chiplet_extension/rtl/die_a/dma_offload_ctrl.sv,236,next_send_count[6],0,none
toggle,chiplet_extension/rtl/die_a/dma_offload_ctrl.sv,236,next_send_count[7],0,none
toggle,chiplet_extension/rtl/die_a/dma_offload_ctrl.sv,236,next_send_count[8],0,none
toggle,chiplet_extension/rtl/die_a/dma_offload_ctrl.sv,237,next_recv_count[6],0,none
toggle,chiplet_extension/rtl/die_a/dma_offload_ctrl.sv,237,next_recv_count[7],0,none
toggle,chiplet_extension/rtl/die_a/dma_offload_ctrl.sv,237,next_recv_count[8],0,none
toggle,chiplet_extension/rtl/die_b/die_b_system.sv,37,word_count_q[1],0,none
toggle,chiplet_extension/rtl/die_b/die_b_system.sv,49,cipher_fifo_tail_q[0],0,none
toggle,chiplet_extension/rtl/die_b/die_b_system.sv,50,cipher_fifo_count_q[2],0,none
toggle,chiplet_extension/rtl/die_b/die_b_system.sv,50,cipher_fifo_count_q[3],0,none
toggle,chiplet_extension/rtl/die_b/die_b_system.sv,50,cipher_fifo_count_q[4],0,none
toggle,chiplet_extension/rtl/die_b/die_b_system.sv,50,cipher_fifo_count_q[5],0,none
toggle,chiplet_extension/rtl/phy_model/phy_behavioral.sv,12,adapter_tx_data[0],0,none
toggle,chiplet_extension/rtl/phy_model/phy_behavioral.sv,12,adapter_tx_data[1],0,none
toggle,chiplet_extension/rtl/phy_model/phy_behavioral.sv,12,adapter_tx_data[2],0,none
toggle,chiplet_extension/rtl/phy_model/phy_behavioral.sv,12,adapter_tx_data[3],0,none
toggle,chiplet_extension/rtl/phy_model/phy_behavioral.sv,12,adapter_tx_data[4],0,none
toggle,chiplet_extension/rtl/phy_model/phy_behavioral.sv,12,adapter_tx_data[5],0,none
toggle,chiplet_extension/rtl/phy_model/phy_behavioral.sv,12,adapter_tx_data[6],0,none
toggle,chiplet_extension/rtl/phy_model/phy_behavioral.sv,12,adapter_tx_data[7],0,none
toggle,chiplet_extension/rtl/phy_model/phy_behavioral.sv,13,adapter_tx_valid,0,none
toggle,chiplet_extension/rtl/phy_model/phy_behavioral.sv,14,adapter_link_enable,0,none
toggle,chiplet_extension/rtl/phy_model/phy_behavioral.sv,15,adapter_link_training,0,none
toggle,chiplet_extension/rtl/phy_model/phy_behavioral.sv,19,adapter_lane_fault,0,none
toggle,chiplet_extension/rtl/phy_model/phy_behavioral.sv,25,channel_rx_data[0],0,none
toggle,chiplet_extension/rtl/phy_model/phy_behavioral.sv,25,channel_rx_data[1],0,none
toggle,chiplet_extension/rtl/phy_model/phy_behavioral.sv,25,channel_rx_data[2],0,none
toggle,chiplet_extension/rtl/phy_model/phy_behavioral.sv,25,channel_rx_data[3],0,none
toggle,chiplet_extension/rtl/phy_model/phy_behavioral.sv,25,channel_rx_data[4],0,none
toggle,chiplet_extension/rtl/phy_model/phy_behavioral.sv,25,channel_rx_data[5],0,none
toggle,chiplet_extension/rtl/phy_model/phy_behavioral.sv,25,channel_rx_data[6],0,none
toggle,chiplet_extension/rtl/phy_model/phy_behavioral.sv,25,channel_rx_data[7],0,none
toggle,chiplet_extension/rtl/phy_model/phy_behavioral.sv,26,channel_rx_valid,0,none
toggle,chiplet_extension/rtl/phy_model/phy_behavioral.sv,27,channel_lane_fault,0,none
toggle,chiplet_extension/rtl/phy_model/phy_behavioral.sv,27,channel_lane_fault,0,none
toggle,chiplet_extension/rtl/phy_model/phy_behavioral.sv,43,local_fault,0,none
toggle,chiplet_extension/rtl/phy_model/phy_behavioral.sv,49,inject_error_q,0,disabled_phy_probability_state
toggle,chiplet_extension/rtl/soc_chiplet_top.sv,19,cfg_addr[0],0,none
toggle,chiplet_extension/rtl/soc_chiplet_top.sv,19,cfg_addr[1],0,none
toggle,chiplet_extension/rtl/soc_chiplet_top.sv,27,crypto_error_flag,0,none
toggle,chiplet_extension/rtl/soc_chiplet_top.sv,43,lane_die_a_lane_fault,0,none
toggle,chiplet_extension/rtl/soc_chiplet_top.sv,52,lane_die_b_lane_fault,0,none
toggle,chiplet_extension/rtl/soc_die_a_top.sv,19,cfg_addr[0],0,none
toggle,chiplet_extension/rtl/soc_die_a_top.sv,19,cfg_addr[1],0,none
toggle,chiplet_extension/rtl/soc_die_a_top.sv,31,lane_lane_fault,0,none
toggle,chiplet_extension/rtl/soc_die_a_top.sv,34,crypto_error_flag,0,none
toggle,chiplet_extension/rtl/soc_die_a_top.sv,76,legacy_crypto_error_flag,0,none
toggle,chiplet_extension/rtl/soc_die_a_top.sv,85,depacketizer_crc_error,0,none
toggle,chiplet_extension/rtl/soc_die_a_top.sv,88,credit_available[10],0,credit_capacity_upper_bit
toggle,chiplet_extension/rtl/soc_die_a_top.sv,88,credit_available[11],0,credit_capacity_upper_bit
toggle,chiplet_extension/rtl/soc_die_a_top.sv,88,credit_available[12],0,credit_capacity_upper_bit
toggle,chiplet_extension/rtl/soc_die_a_top.sv,88,credit_available[13],0,credit_capacity_upper_bit
toggle,chiplet_extension/rtl/soc_die_a_top.sv,88,credit_available[14],0,credit_capacity_upper_bit
toggle,chiplet_extension/rtl/soc_die_a_top.sv,88,credit_available[15],0,credit_capacity_upper_bit
toggle,chiplet_extension/rtl/soc_die_a_top.sv,88,credit_available[8],0,credit_capacity_upper_bit
toggle,chiplet_extension/rtl/soc_die_a_top.sv,88,credit_available[9],0,credit_capacity_upper_bit
toggle,chiplet_extension/rtl/soc_die_a_top.sv,89,credit_consumed[10],0,unit_credit_event_upper_bit
toggle,chiplet_extension/rtl/soc_die_a_top.sv,89,credit_consumed[11],0,unit_credit_event_upper_bit
toggle,chiplet_extension/rtl/soc_die_a_top.sv,89,credit_consumed[12],0,unit_credit_event_upper_bit
toggle,chiplet_extension/rtl/soc_die_a_top.sv,89,credit_consumed[13],0,unit_credit_event_upper_bit
toggle,chiplet_extension/rtl/soc_die_a_top.sv,89,credit_consumed[14],0,unit_credit_event_upper_bit
toggle,chiplet_extension/rtl/soc_die_a_top.sv,89,credit_consumed[15],0,unit_credit_event_upper_bit
toggle,chiplet_extension/rtl/soc_die_a_top.sv,89,credit_consumed[1],0,unit_credit_event_upper_bit
toggle,chiplet_extension/rtl/soc_die_a_top.sv,89,credit_consumed[2],0,unit_credit_event_upper_bit
toggle,chiplet_extension/rtl/soc_die_a_top.sv,89,credit_consumed[3],0,unit_credit_event_upper_bit
toggle,chiplet_extension/rtl/soc_die_a_top.sv,89,credit_consumed[4],0,unit_credit_event_upper_bit
toggle,chiplet_extension/rtl/soc_die_a_top.sv,89,credit_consumed[5],0,unit_credit_event_upper_bit
toggle,chiplet_extension/rtl/soc_die_a_top.sv,89,credit_consumed[6],0,unit_credit_event_upper_bit
toggle,chiplet_extension/rtl/soc_die_a_top.sv,89,credit_consumed[7],0,unit_credit_event_upper_bit
toggle,chiplet_extension/rtl/soc_die_a_top.sv,89,credit_consumed[8],0,unit_credit_event_upper_bit
toggle,chiplet_extension/rtl/soc_die_a_top.sv,89,credit_consumed[9],0,unit_credit_event_upper_bit
toggle,chiplet_extension/rtl/soc_die_a_top.sv,90,credit_return[10],0,unit_credit_event_upper_bit
toggle,chiplet_extension/rtl/soc_die_a_top.sv,90,credit_return[11],0,unit_credit_event_upper_bit
toggle,chiplet_extension/rtl/soc_die_a_top.sv,90,credit_return[12],0,unit_credit_event_upper_bit
toggle,chiplet_extension/rtl/soc_die_a_top.sv,90,credit_return[13],0,unit_credit_event_upper_bit
toggle,chiplet_extension/rtl/soc_die_a_top.sv,90,credit_return[14],0,unit_credit_event_upper_bit
toggle,chiplet_extension/rtl/soc_die_a_top.sv,90,credit_return[15],0,unit_credit_event_upper_bit
toggle,chiplet_extension/rtl/soc_die_a_top.sv,90,credit_return[1],0,unit_credit_event_upper_bit
toggle,chiplet_extension/rtl/soc_die_a_top.sv,90,credit_return[2],0,unit_credit_event_upper_bit
toggle,chiplet_extension/rtl/soc_die_a_top.sv,90,credit_return[3],0,unit_credit_event_upper_bit
toggle,chiplet_extension/rtl/soc_die_a_top.sv,90,credit_return[4],0,unit_credit_event_upper_bit
toggle,chiplet_extension/rtl/soc_die_a_top.sv,90,credit_return[5],0,unit_credit_event_upper_bit
toggle,chiplet_extension/rtl/soc_die_a_top.sv,90,credit_return[6],0,unit_credit_event_upper_bit
toggle,chiplet_extension/rtl/soc_die_a_top.sv,90,credit_return[7],0,unit_credit_event_upper_bit
toggle,chiplet_extension/rtl/soc_die_a_top.sv,90,credit_return[8],0,unit_credit_event_upper_bit
toggle,chiplet_extension/rtl/soc_die_a_top.sv,90,credit_return[9],0,unit_credit_event_upper_bit
toggle,chiplet_extension/rtl/soc_die_b_top.sv,17,lane_lane_fault,0,none
toggle,chiplet_extension/rtl/soc_die_b_top.sv,49,depacketizer_crc_error,0,none
toggle,chiplet_extension/rtl/soc_die_b_top.sv,52,credit_available[10],0,credit_capacity_upper_bit
toggle,chiplet_extension/rtl/soc_die_b_top.sv,52,credit_available[11],0,credit_capacity_upper_bit
toggle,chiplet_extension/rtl/soc_die_b_top.sv,52,credit_available[12],0,credit_capacity_upper_bit
toggle,chiplet_extension/rtl/soc_die_b_top.sv,52,credit_available[13],0,credit_capacity_upper_bit
toggle,chiplet_extension/rtl/soc_die_b_top.sv,52,credit_available[14],0,credit_capacity_upper_bit
toggle,chiplet_extension/rtl/soc_die_b_top.sv,52,credit_available[15],0,credit_capacity_upper_bit
toggle,chiplet_extension/rtl/soc_die_b_top.sv,52,credit_available[8],0,credit_capacity_upper_bit
toggle,chiplet_extension/rtl/soc_die_b_top.sv,52,credit_available[9],0,credit_capacity_upper_bit
toggle,chiplet_extension/rtl/soc_die_b_top.sv,53,credit_consumed[10],0,unit_credit_event_upper_bit
toggle,chiplet_extension/rtl/soc_die_b_top.sv,53,credit_consumed[11],0,unit_credit_event_upper_bit
toggle,chiplet_extension/rtl/soc_die_b_top.sv,53,credit_consumed[12],0,unit_credit_event_upper_bit
toggle,chiplet_extension/rtl/soc_die_b_top.sv,53,credit_consumed[13],0,unit_credit_event_upper_bit
toggle,chiplet_extension/rtl/soc_die_b_top.sv,53,credit_consumed[14],0,unit_credit_event_upper_bit
toggle,chiplet_extension/rtl/soc_die_b_top.sv,53,credit_consumed[15],0,unit_credit_event_upper_bit
toggle,chiplet_extension/rtl/soc_die_b_top.sv,53,credit_consumed[1],0,unit_credit_event_upper_bit
toggle,chiplet_extension/rtl/soc_die_b_top.sv,53,credit_consumed[2],0,unit_credit_event_upper_bit
toggle,chiplet_extension/rtl/soc_die_b_top.sv,53,credit_consumed[3],0,unit_credit_event_upper_bit
toggle,chiplet_extension/rtl/soc_die_b_top.sv,53,credit_consumed[4],0,unit_credit_event_upper_bit
toggle,chiplet_extension/rtl/soc_die_b_top.sv,53,credit_consumed[5],0,unit_credit_event_upper_bit
toggle,chiplet_extension/rtl/soc_die_b_top.sv,53,credit_consumed[6],0,unit_credit_event_upper_bit
toggle,chiplet_extension/rtl/soc_die_b_top.sv,53,credit_consumed[7],0,unit_credit_event_upper_bit
toggle,chiplet_extension/rtl/soc_die_b_top.sv,53,credit_consumed[8],0,unit_credit_event_upper_bit
toggle,chiplet_extension/rtl/soc_die_b_top.sv,53,credit_consumed[9],0,unit_credit_event_upper_bit
toggle,chiplet_extension/rtl/soc_die_b_top.sv,54,credit_return[10],0,unit_credit_event_upper_bit
toggle,chiplet_extension/rtl/soc_die_b_top.sv,54,credit_return[11],0,unit_credit_event_upper_bit
toggle,chiplet_extension/rtl/soc_die_b_top.sv,54,credit_return[12],0,unit_credit_event_upper_bit
toggle,chiplet_extension/rtl/soc_die_b_top.sv,54,credit_return[13],0,unit_credit_event_upper_bit
toggle,chiplet_extension/rtl/soc_die_b_top.sv,54,credit_return[14],0,unit_credit_event_upper_bit
toggle,chiplet_extension/rtl/soc_die_b_top.sv,54,credit_return[15],0,unit_credit_event_upper_bit
toggle,chiplet_extension/rtl/soc_die_b_top.sv,54,credit_return[1],0,unit_credit_event_upper_bit
toggle,chiplet_extension/rtl/soc_die_b_top.sv,54,credit_return[2],0,unit_credit_event_upper_bit
toggle,chiplet_extension/rtl/soc_die_b_top.sv,54,credit_return[3],0,unit_credit_event_upper_bit
toggle,chiplet_extension/rtl/soc_die_b_top.sv,54,credit_return[4],0,unit_credit_event_upper_bit
toggle,chiplet_extension/rtl/soc_die_b_top.sv,54,credit_return[5],0,unit_credit_event_upper_bit
toggle,chiplet_extension/rtl/soc_die_b_top.sv,54,credit_return[6],0,unit_credit_event_upper_bit
toggle,chiplet_extension/rtl/soc_die_b_top.sv,54,credit_return[7],0,unit_credit_event_upper_bit
toggle,chiplet_extension/rtl/soc_die_b_top.sv,54,credit_return[8],0,unit_credit_event_upper_bit
toggle,chiplet_extension/rtl/soc_die_b_top.sv,54,credit_return[9],0,unit_credit_event_upper_bit
