test,family,testbench_policy,status,seed,cycles,rtl_instructions,iss_instructions,cpi,first_mismatch,mismatch_pc,mismatch_function,mismatch_source,mismatch_disassembly,waveform_timestamp,checker_failure,mmio_reads,mmio_writes,interrupts,traps,accepted,rejected,completions,runtime_errors,assertion_failures,memory_mismatches,mailbox0,apb_wait_cycles,poll_reads,irq_latency_cycles,handler_cycles,submit_to_completion_cycles,applied_knobs,trace,event_trace,log,optimizer,elf_sha256,source_set
c_initialized_data_sections_O0,compiler_matrix,gcc_cpu_data,PASS,20260717,1298,427,427,3.040,,,,,,,0,1,2,0,0,0,0,0,0,0,0,00000000,0,0,0,0,0,optimizer=O0,chiplet_extension/build/firmware_c/traces/c_initialized_data_sections_O0.csv,chiplet_extension/build/firmware_c/events/c_initialized_data_sections_O0.csv,chiplet_extension/build/firmware_c/logs/c_initialized_data_sections_O0.log,O0,5337116ec9a9d03d72fe9e594d3772cfc6a31ba6805d8436b9085886cd084d38,crt0.S;scenario.c;abi_support.c;isa_matrix.S;extended_matrix.S
c_abi_stack_call_matrix_O0,compiler_matrix,gcc_cpu_abi,PASS,20260717,1987,658,658,3.020,,,,,,,0,0,1,0,0,0,0,0,0,0,0,d4aba583,0,0,0,0,0,optimizer=O0,chiplet_extension/build/firmware_c/traces/c_abi_stack_call_matrix_O0.csv,chiplet_extension/build/firmware_c/events/c_abi_stack_call_matrix_O0.csv,chiplet_extension/build/firmware_c/logs/c_abi_stack_call_matrix_O0.log,O0,9acd00e353421a54cc67b0b0c29a6a48da89c51f718110f7d21c5d655db7cd96,crt0.S;scenario.c;abi_support.c;isa_matrix.S;extended_matrix.S
isa_matrix_O0,compiler_matrix,isa_matrix,PASS,20260717,2444,809,809,3.021,,,,,,,0,1,2,0,11,0,0,0,0,0,0,0000000c,0,0,0,0,0,optimizer=O0,chiplet_extension/build/firmware_c/traces/isa_matrix_O0.csv,chiplet_extension/build/firmware_c/events/isa_matrix_O0.csv,chiplet_extension/build/firmware_c/logs/isa_matrix_O0.log,O0,592cc257a4f2b1fce62eb429f377ee5bf0367118e28e8e359bf704ac38fd8460,crt0.S;scenario.c;abi_support.c;isa_matrix.S;extended_matrix.S
operand_corner_matrix_O0,compiler_matrix,gcc_cpu_only,PASS,20260717,697,228,228,3.057,,,,,,,0,0,1,0,0,0,0,0,0,0,0,4f504552,0,0,0,0,0,optimizer=O0,chiplet_extension/build/firmware_c/traces/operand_corner_matrix_O0.csv,chiplet_extension/build/firmware_c/events/operand_corner_matrix_O0.csv,chiplet_extension/build/firmware_c/logs/operand_corner_matrix_O0.log,O0,682ddd36e76c8ea1bfa84b9f3e2f72906c948843caa8d03314e57d5819c92885,crt0.S;scenario.c;abi_support.c;isa_matrix.S;extended_matrix.S
rv32_decode_legality_matrix_O0,compiler_matrix,gcc_decode_legality,PASS,20260717,1153,380,380,3.034,,,,,,,0,0,1,0,4,0,0,0,0,0,0,00000004,0,0,0,0,0,optimizer=O0,chiplet_extension/build/firmware_c/traces/rv32_decode_legality_matrix_O0.csv,chiplet_extension/build/firmware_c/events/rv32_decode_legality_matrix_O0.csv,chiplet_extension/build/firmware_c/logs/rv32_decode_legality_matrix_O0.log,O0,5b14cbc16ebd3069aca1e51f2c3e0f96ce4664a170553fdeebffd90234622667,crt0.S;scenario.c;abi_support.c;isa_matrix.S;extended_matrix.S
apb_reset_phase_matrix_O0,compiler_matrix,gcc_apb_reset_phase,PASS,20260717,1256,396,396,3.172,,,,,,,0,3,8,0,0,1,0,1,0,0,0,00000917,30,0,90,0,90,optimizer=O0,chiplet_extension/build/firmware_c/traces/apb_reset_phase_matrix_O0.csv,chiplet_extension/build/firmware_c/events/apb_reset_phase_matrix_O0.csv,chiplet_extension/build/firmware_c/logs/apb_reset_phase_matrix_O0.log,O0,e4934af4cc79eaa647fd096e50092d16d6da80e83e9fb0db6362d4f7ea3b2b47,crt0.S;scenario.c;abi_support.c;isa_matrix.S;extended_matrix.S
c_initialized_data_sections_O1,compiler_matrix,gcc_cpu_data,PASS,20260717,587,190,190,3.089,,,,,,,0,1,2,0,0,0,0,0,0,0,0,00000000,0,0,0,0,0,optimizer=O1,chiplet_extension/build/firmware_c/traces/c_initialized_data_sections_O1.csv,chiplet_extension/build/firmware_c/events/c_initialized_data_sections_O1.csv,chiplet_extension/build/firmware_c/logs/c_initialized_data_sections_O1.log,O1,cd7ed89cc2e74b35ae0c97d6df28213061a42fb2aa613fd1bfad990c51b085e2,crt0.S;scenario.c;abi_support.c;isa_matrix.S;extended_matrix.S
c_abi_stack_call_matrix_O1,compiler_matrix,gcc_cpu_abi,PASS,20260717,997,328,328,3.040,,,,,,,0,0,1,0,0,0,0,0,0,0,0,d4aba583,0,0,0,0,0,optimizer=O1,chiplet_extension/build/firmware_c/traces/c_abi_stack_call_matrix_O1.csv,chiplet_extension/build/firmware_c/events/c_abi_stack_call_matrix_O1.csv,chiplet_extension/build/firmware_c/logs/c_abi_stack_call_matrix_O1.log,O1,af853e5a29bba152468258abb124f10fad6a89c7a63c6027e00499e04ddfd48c,crt0.S;scenario.c;abi_support.c;isa_matrix.S;extended_matrix.S
isa_matrix_O1,compiler_matrix,isa_matrix,PASS,20260717,2126,703,703,3.024,,,,,,,0,1,2,0,11,0,0,0,0,0,0,0000000c,0,0,0,0,0,optimizer=O1,chiplet_extension/build/firmware_c/traces/isa_matrix_O1.csv,chiplet_extension/build/firmware_c/events/isa_matrix_O1.csv,chiplet_extension/build/firmware_c/logs/isa_matrix_O1.log,O1,a04564431b1c83235feced1b5b7a0ee204df8e3311d8b8be64ce6ac44ab6b772,crt0.S;scenario.c;abi_support.c;isa_matrix.S;extended_matrix.S
operand_corner_matrix_O1,compiler_matrix,gcc_cpu_only,PASS,20260717,442,143,143,3.091,,,,,,,0,0,1,0,0,0,0,0,0,0,0,4f504552,0,0,0,0,0,optimizer=O1,chiplet_extension/build/firmware_c/traces/operand_corner_matrix_O1.csv,chiplet_extension/build/firmware_c/events/operand_corner_matrix_O1.csv,chiplet_extension/build/firmware_c/logs/operand_corner_matrix_O1.log,O1,19ed2bdad1fb36d40ae82e2988f254948bf642697867126f6d62a003135db00e,crt0.S;scenario.c;abi_support.c;isa_matrix.S;extended_matrix.S
rv32_decode_legality_matrix_O1,compiler_matrix,gcc_decode_legality,PASS,20260717,901,296,296,3.044,,,,,,,0,0,1,0,4,0,0,0,0,0,0,00000004,0,0,0,0,0,optimizer=O1,chiplet_extension/build/firmware_c/traces/rv32_decode_legality_matrix_O1.csv,chiplet_extension/build/firmware_c/events/rv32_decode_legality_matrix_O1.csv,chiplet_extension/build/firmware_c/logs/rv32_decode_legality_matrix_O1.log,O1,e1be6025f499470728f072414af6c1c4649c91d7f9dfce49934b5c85635b7b39,crt0.S;scenario.c;abi_support.c;isa_matrix.S;extended_matrix.S
apb_reset_phase_matrix_O1,compiler_matrix,gcc_apb_reset_phase,PASS,20260717,553,150,150,3.687,,,,,,,0,10,8,0,0,1,0,1,0,0,0,00000917,51,0,90,0,90,optimizer=O1,chiplet_extension/build/firmware_c/traces/apb_reset_phase_matrix_O1.csv,chiplet_extension/build/firmware_c/events/apb_reset_phase_matrix_O1.csv,chiplet_extension/build/firmware_c/logs/apb_reset_phase_matrix_O1.log,O1,d75cd3a6816e97a29d49326792e46320c7e3774b7985fd4a3e86937a44477af6,crt0.S;scenario.c;abi_support.c;isa_matrix.S;extended_matrix.S
c_initialized_data_sections_O2,compiler_matrix,gcc_cpu_data,PASS,20260717,581,188,188,3.090,,,,,,,0,1,2,0,0,0,0,0,0,0,0,00000000,0,0,0,0,0,optimizer=O2,chiplet_extension/build/firmware_c/traces/c_initialized_data_sections_O2.csv,chiplet_extension/build/firmware_c/events/c_initialized_data_sections_O2.csv,chiplet_extension/build/firmware_c/logs/c_initialized_data_sections_O2.log,O2,514c81979aab17b754e2917e8cc63acae91dffb8155048997475145bc230e018,crt0.S;scenario.c;abi_support.c;isa_matrix.S;extended_matrix.S
c_abi_stack_call_matrix_O2,compiler_matrix,gcc_cpu_abi,PASS,20260717,991,326,326,3.040,,,,,,,0,0,1,0,0,0,0,0,0,0,0,d4aba583,0,0,0,0,0,optimizer=O2,chiplet_extension/build/firmware_c/traces/c_abi_stack_call_matrix_O2.csv,chiplet_extension/build/firmware_c/events/c_abi_stack_call_matrix_O2.csv,chiplet_extension/build/firmware_c/logs/c_abi_stack_call_matrix_O2.log,O2,6a087c1741c0a74a3626c57653ebdcafc0d7073637019e4a5c4236d3eef21b80,crt0.S;scenario.c;abi_support.c;isa_matrix.S;extended_matrix.S
isa_matrix_O2,compiler_matrix,isa_matrix,PASS,20260717,2132,705,705,3.024,,,,,,,0,1,2,0,11,0,0,0,0,0,0,0000000c,0,0,0,0,0,optimizer=O2,chiplet_extension/build/firmware_c/traces/isa_matrix_O2.csv,chiplet_extension/build/firmware_c/events/isa_matrix_O2.csv,chiplet_extension/build/firmware_c/logs/isa_matrix_O2.log,O2,bcadd43e46b2f6d3380d93d88f3ef7461f93c11a9de9a7154b1a4cecdb5b19b8,crt0.S;scenario.c;abi_support.c;isa_matrix.S;extended_matrix.S
operand_corner_matrix_O2,compiler_matrix,gcc_cpu_only,PASS,20260717,448,145,145,3.090,,,,,,,0,0,1,0,0,0,0,0,0,0,0,4f504552,0,0,0,0,0,optimizer=O2,chiplet_extension/build/firmware_c/traces/operand_corner_matrix_O2.csv,chiplet_extension/build/firmware_c/events/operand_corner_matrix_O2.csv,chiplet_extension/build/firmware_c/logs/operand_corner_matrix_O2.log,O2,58a3d93b3dc2abe281e976cc7f70c60e0ca29921c8928520671a85e0a46986ef,crt0.S;scenario.c;abi_support.c;isa_matrix.S;extended_matrix.S
csr_state_matrix_O2,compiler_matrix,gcc_cpu_only,PASS,20260717,433,140,140,3.093,,,,,,,0,0,1,0,0,0,0,0,0,0,0,43535253,0,0,0,0,0,optimizer=O2,chiplet_extension/build/firmware_c/traces/csr_state_matrix_O2.csv,chiplet_extension/build/firmware_c/events/csr_state_matrix_O2.csv,chiplet_extension/build/firmware_c/logs/csr_state_matrix_O2.log,O2,c05f6b11e9da43f278d4c36ec5c1037b653509b5fe448c6554b48a9cd8f1c0d7,crt0.S;scenario.c;abi_support.c;isa_matrix.S;extended_matrix.S
rv32_decode_legality_matrix_O2,compiler_matrix,gcc_decode_legality,PASS,20260717,907,298,298,3.044,,,,,,,0,0,1,0,4,0,0,0,0,0,0,00000004,0,0,0,0,0,optimizer=O2,chiplet_extension/build/firmware_c/traces/rv32_decode_legality_matrix_O2.csv,chiplet_extension/build/firmware_c/events/rv32_decode_legality_matrix_O2.csv,chiplet_extension/build/firmware_c/logs/rv32_decode_legality_matrix_O2.log,O2,932c9222389c9fd14640b5a3073bc92f0c115217fce6948385508356e4c971af,crt0.S;scenario.c;abi_support.c;isa_matrix.S;extended_matrix.S
apb_reset_phase_matrix_O2,compiler_matrix,gcc_apb_reset_phase,PASS,20260717,559,152,152,3.678,,,,,,,0,10,8,0,0,1,0,1,0,0,0,00000917,51,0,90,0,90,optimizer=O2,chiplet_extension/build/firmware_c/traces/apb_reset_phase_matrix_O2.csv,chiplet_extension/build/firmware_c/events/apb_reset_phase_matrix_O2.csv,chiplet_extension/build/firmware_c/logs/apb_reset_phase_matrix_O2.log,O2,d179706a8a4fb85c6213407f857ad8e2d1121b51f9762f6718537c45a9cb6652,crt0.S;scenario.c;abi_support.c;isa_matrix.S;extended_matrix.S
apb_wait_trap_O2,compiler_matrix,apb_wait_error,PASS,20260717,805,255,255,3.157,,,,,,,0,2,2,0,3,0,0,0,0,0,0,00000000,21,0,0,0,0,optimizer=O2,chiplet_extension/build/firmware_c/traces/apb_wait_trap_O2.csv,chiplet_extension/build/firmware_c/events/apb_wait_trap_O2.csv,chiplet_extension/build/firmware_c/logs/apb_wait_trap_O2.log,O2,3808a3ea09b71aaa45c497e9ec89898838ebb4589141e983f471a9b360da42e3,crt0.S;scenario.c;abi_support.c;isa_matrix.S;extended_matrix.S
rv32_control_flow_boundary_matrix_O2,compiler_matrix,gcc_control_boundary,PASS,20260717,739,242,242,3.054,,,,,,,0,0,1,0,2,0,0,0,0,0,0,00000002,0,0,0,0,0,optimizer=O2,chiplet_extension/build/firmware_c/traces/rv32_control_flow_boundary_matrix_O2.csv,chiplet_extension/build/firmware_c/events/rv32_control_flow_boundary_matrix_O2.csv,chiplet_extension/build/firmware_c/logs/rv32_control_flow_boundary_matrix_O2.log,O2,419317d2f16c6eddccf9207c55ddc7b7f15fff9f14fca7128ad13dd062d3ed80,crt0.S;scenario.c;abi_support.c;isa_matrix.S;extended_matrix.S
rv32_sram_boundary_fault_matrix_O2,compiler_matrix,gcc_sram_boundary,PASS,20260717,652,213,213,3.061,,,,,,,0,0,1,0,2,0,0,0,0,0,0,a55aa55a,0,0,0,0,0,optimizer=O2,chiplet_extension/build/firmware_c/traces/rv32_sram_boundary_fault_matrix_O2.csv,chiplet_extension/build/firmware_c/events/rv32_sram_boundary_fault_matrix_O2.csv,chiplet_extension/build/firmware_c/logs/rv32_sram_boundary_fault_matrix_O2.log,O2,4388b648d3190aef5dc5427b1a63d8858cf16a2c5e34ef6c31c1485439246e95,crt0.S;scenario.c;abi_support.c;isa_matrix.S;extended_matrix.S
interrupt_during_apb_wait_O2,compiler_matrix,gcc_interrupt_apb_wait,PASS,20260717,745,196,196,3.801,,,,,,,0,8,9,1,0,1,0,1,0,0,0,00000001,112,0,90,153,90,optimizer=O2,chiplet_extension/build/firmware_c/traces/interrupt_during_apb_wait_O2.csv,chiplet_extension/build/firmware_c/events/interrupt_during_apb_wait_O2.csv,chiplet_extension/build/firmware_c/logs/interrupt_during_apb_wait_O2.log,O2,094828a09d4bcd8a90b5e3f1854a98c5f0e6e9ab2ea9fe45af3c8b8029bb4b37,crt0.S;scenario.c;abi_support.c;isa_matrix.S;extended_matrix.S
interrupt_mask_pending_enable_O2,compiler_matrix,gcc_interrupt_masked,PASS,20260717,681,208,208,3.274,,,,,,,0,13,10,1,0,1,0,1,0,0,0,00000001,0,0,108,146,90,optimizer=O2,chiplet_extension/build/firmware_c/traces/interrupt_mask_pending_enable_O2.csv,chiplet_extension/build/firmware_c/events/interrupt_mask_pending_enable_O2.csv,chiplet_extension/build/firmware_c/logs/interrupt_mask_pending_enable_O2.log,O2,574c372c09428fbdcf10ad72e6980cd3d2a56591bd37da56f232f044db6574b0,crt0.S;scenario.c;abi_support.c;isa_matrix.S;extended_matrix.S
irq_trap_priority_matrix_O2,compiler_matrix,gcc_irq_trap_priority,PASS,20260717,1152,379,379,3.040,,,,,,,0,0,2,1,1,0,0,0,0,0,0,00000001,0,0,0,146,0,optimizer=O2,chiplet_extension/build/firmware_c/traces/irq_trap_priority_matrix_O2.csv,chiplet_extension/build/firmware_c/events/irq_trap_priority_matrix_O2.csv,chiplet_extension/build/firmware_c/logs/irq_trap_priority_matrix_O2.log,O2,26337fedfbb63e76311a5e9b57524ea2babdb46aa114813c9b088a09fe2e4147,crt0.S;scenario.c;abi_support.c;isa_matrix.S;extended_matrix.S
irq_level_mret_matrix_O2,compiler_matrix,gcc_irq_level_mret,PASS,20260717,1301,428,428,3.040,,,,,,,0,0,3,2,1,0,0,0,0,0,0,00000001,0,0,0,146,0,optimizer=O2,chiplet_extension/build/firmware_c/traces/irq_level_mret_matrix_O2.csv,chiplet_extension/build/firmware_c/events/irq_level_mret_matrix_O2.csv,chiplet_extension/build/firmware_c/logs/irq_level_mret_matrix_O2.log,O2,1ab141e48e833aa397ec01b24abf31dee281b924ea9c2c49875e9ed1567ad036,crt0.S;scenario.c;abi_support.c;isa_matrix.S;extended_matrix.S
reset_irq_handler_matrix_O2,compiler_matrix,gcc_reset_irq_handler,PASS,20260717,1789,590,590,3.032,,,,,,,0,0,2,2,0,0,0,0,0,0,0,00000001,0,0,0,456,0,optimizer=O2,chiplet_extension/build/firmware_c/traces/reset_irq_handler_matrix_O2.csv,chiplet_extension/build/firmware_c/events/reset_irq_handler_matrix_O2.csv,chiplet_extension/build/firmware_c/logs/reset_irq_handler_matrix_O2.log,O2,38c2e14867016d9df9d490de22f0485ec5056ae9f3767c0c5b2019ebd8a39e36,crt0.S;scenario.c;abi_support.c;isa_matrix.S;extended_matrix.S
apb_atomicity_wait_error_matrix_O2,compiler_matrix,gcc_apb_atomicity,PASS,20260717,673,212,212,3.175,,,,,,,0,2,3,0,2,0,0,0,0,0,0,00000001,16,0,0,0,0,optimizer=O2,chiplet_extension/build/firmware_c/traces/apb_atomicity_wait_error_matrix_O2.csv,chiplet_extension/build/firmware_c/events/apb_atomicity_wait_error_matrix_O2.csv,chiplet_extension/build/firmware_c/logs/apb_atomicity_wait_error_matrix_O2.log,O2,2823222f6eec432342a7191ab458eafccad0ae52e8d0ed55784ff9249e1fed75,crt0.S;scenario.c;abi_support.c;isa_matrix.S;extended_matrix.S
c_initialized_data_sections_Os,compiler_matrix,gcc_cpu_data,PASS,20260717,548,177,177,3.096,,,,,,,0,1,2,0,0,0,0,0,0,0,0,00000000,0,0,0,0,0,optimizer=Os,chiplet_extension/build/firmware_c/traces/c_initialized_data_sections_Os.csv,chiplet_extension/build/firmware_c/events/c_initialized_data_sections_Os.csv,chiplet_extension/build/firmware_c/logs/c_initialized_data_sections_Os.log,Os,b515a1edca52840fe6e1696866a2e49470f20d75451dc6a767126d55358f27c0,crt0.S;scenario.c;abi_support.c;isa_matrix.S;extended_matrix.S
c_abi_stack_call_matrix_Os,compiler_matrix,gcc_cpu_abi,PASS,20260717,997,328,328,3.040,,,,,,,0,0,1,0,0,0,0,0,0,0,0,d4aba583,0,0,0,0,0,optimizer=Os,chiplet_extension/build/firmware_c/traces/c_abi_stack_call_matrix_Os.csv,chiplet_extension/build/firmware_c/events/c_abi_stack_call_matrix_Os.csv,chiplet_extension/build/firmware_c/logs/c_abi_stack_call_matrix_Os.log,Os,0fa2a19408452368bbe63ce1f1ea24fb2325dc85c9c99f9206bade0b86934402,crt0.S;scenario.c;abi_support.c;isa_matrix.S;extended_matrix.S
isa_matrix_Os,compiler_matrix,isa_matrix,PASS,20260717,2129,704,704,3.024,,,,,,,0,1,2,0,11,0,0,0,0,0,0,0000000c,0,0,0,0,0,optimizer=Os,chiplet_extension/build/firmware_c/traces/isa_matrix_Os.csv,chiplet_extension/build/firmware_c/events/isa_matrix_Os.csv,chiplet_extension/build/firmware_c/logs/isa_matrix_Os.log,Os,e84c779be6b2c3309c6f8b8fd8793704655e801babbd80557dbef7c9a66b4be2,crt0.S;scenario.c;abi_support.c;isa_matrix.S;extended_matrix.S
operand_corner_matrix_Os,compiler_matrix,gcc_cpu_only,PASS,20260717,445,144,144,3.090,,,,,,,0,0,1,0,0,0,0,0,0,0,0,4f504552,0,0,0,0,0,optimizer=Os,chiplet_extension/build/firmware_c/traces/operand_corner_matrix_Os.csv,chiplet_extension/build/firmware_c/events/operand_corner_matrix_Os.csv,chiplet_extension/build/firmware_c/logs/operand_corner_matrix_Os.log,Os,6004c5a0294256bd6744428354265a69ff31032c64143e1f6f65500e7100a74e,crt0.S;scenario.c;abi_support.c;isa_matrix.S;extended_matrix.S
rv32_decode_legality_matrix_Os,compiler_matrix,gcc_decode_legality,PASS,20260717,904,297,297,3.044,,,,,,,0,0,1,0,4,0,0,0,0,0,0,00000004,0,0,0,0,0,optimizer=Os,chiplet_extension/build/firmware_c/traces/rv32_decode_legality_matrix_Os.csv,chiplet_extension/build/firmware_c/events/rv32_decode_legality_matrix_Os.csv,chiplet_extension/build/firmware_c/logs/rv32_decode_legality_matrix_Os.log,Os,2bfa727d99b78ecbcddf5222008ce0b1a5cbc822d996537b57eeb3f9ed1a15e9,crt0.S;scenario.c;abi_support.c;isa_matrix.S;extended_matrix.S
apb_reset_phase_matrix_Os,compiler_matrix,gcc_apb_reset_phase,PASS,20260717,556,151,151,3.682,,,,,,,0,10,8,0,0,1,0,1,0,0,0,00000917,51,0,90,0,90,optimizer=Os,chiplet_extension/build/firmware_c/traces/apb_reset_phase_matrix_Os.csv,chiplet_extension/build/firmware_c/events/apb_reset_phase_matrix_Os.csv,chiplet_extension/build/firmware_c/logs/apb_reset_phase_matrix_Os.log,Os,5805330027d4c59e5983eaf17bc9eb96f6614e00f74fbb4f34c476387c698ff7,crt0.S;scenario.c;abi_support.c;isa_matrix.S;extended_matrix.S
