proof,task,status,expected,evidence
credit_bound,prove,PASS,pass,chiplet_extension/build/formal_solver/credit_bound_prove.log
credit_bound,cover,PASS,pass,chiplet_extension/build/formal_solver/credit_bound_cover.log
credit_bound,mutation,PASS,counterexample,chiplet_extension/build/formal_solver/credit_bound_mutation.log
apb_single_operation,prove,PASS,pass,chiplet_extension/build/formal_solver/apb_single_operation_prove.log
apb_single_operation,cover,PASS,pass,chiplet_extension/build/formal_solver/apb_single_operation_cover.log
apb_single_operation,mutation,PASS,counterexample,chiplet_extension/build/formal_solver/apb_single_operation_mutation.log
retry_identity,prove,PASS,pass,chiplet_extension/build/formal_solver/retry_identity_prove.log
retry_identity,cover,PASS,pass,chiplet_extension/build/formal_solver/retry_identity_cover.log
retry_identity,mutation,PASS,counterexample,chiplet_extension/build/formal_solver/retry_identity_mutation.log
dma_completion_accounting,prove,PASS,pass,chiplet_extension/build/formal_solver/dma_completion_accounting_prove.log
dma_completion_accounting,cover,PASS,pass,chiplet_extension/build/formal_solver/dma_completion_accounting_cover.log
dma_completion_accounting,mutation,PASS,counterexample,chiplet_extension/build/formal_solver/dma_completion_accounting_mutation.log
invalid_source_containment,prove,PASS,pass,chiplet_extension/build/formal_solver/invalid_source_containment_prove.log
invalid_source_containment,cover,PASS,pass,chiplet_extension/build/formal_solver/invalid_source_containment_cover.log
invalid_source_containment,mutation,PASS,counterexample,chiplet_extension/build/formal_solver/invalid_source_containment_mutation.log
power_isolation_legality,prove,PASS,pass,chiplet_extension/build/formal_solver/power_isolation_legality_prove.log
power_isolation_legality,cover,PASS,pass,chiplet_extension/build/formal_solver/power_isolation_legality_cover.log
power_isolation_legality,mutation,PASS,counterexample,chiplet_extension/build/formal_solver/power_isolation_legality_mutation.log
async_fifo_safety,prove,PASS,pass,chiplet_extension/build/formal_solver/async_fifo_safety_prove.log
async_fifo_safety,cover,PASS,pass,chiplet_extension/build/formal_solver/async_fifo_safety_cover.log
async_fifo_safety,mutation,PASS,counterexample,chiplet_extension/build/formal_solver/async_fifo_safety_mutation.log
