run_id,bench,test,scenario,seed,bug_mode,status,expected_status,meets_expectation,detail,tx,rx,retries,mismatch,drop,latency_violations,e2e_mismatch,expected_empty,dma_desc_completed,dma_irq_count,dma_error_count,dma_mem_mismatch,cov_hits,cov_total,cov_pct,defines,returncode,elapsed_s,log_path,compile_log_path,score_csv,cov_csv,power_csv,ref_csv
prbs_smoke,tb_ucie_prbs,prbs_smoke,directed,160187309,none,PASS,PASS,1,clean,135,134,0,0,0,0,0,0,0,0,0,0,10,60,16.7,,0,0.010,/home/esgha/ucie_chiplet_soc/chiplet_extension/build/verilator_regression/logs/prbs_smoke.log,/home/esgha/ucie_chiplet_soc/chiplet_extension/build/verilator_regression/logs/tb_ucie_prbs_f256ad43b2.compile.log,/home/esgha/ucie_chiplet_soc/chiplet_extension/reports/prbs_smoke_scoreboard.csv,/home/esgha/ucie_chiplet_soc/chiplet_extension/reports/prbs_smoke_coverage.csv,,
prbs_credit_starve,tb_ucie_prbs,prbs_credit_starve,directed,1418148552,none,PASS,PASS,1,clean,167,166,0,0,0,0,0,0,0,0,0,0,10,60,16.7,,0,0.012,/home/esgha/ucie_chiplet_soc/chiplet_extension/build/verilator_regression/logs/prbs_credit_starve.log,/home/esgha/ucie_chiplet_soc/chiplet_extension/build/verilator_regression/logs/tb_ucie_prbs_f256ad43b2.compile.log,/home/esgha/ucie_chiplet_soc/chiplet_extension/reports/prbs_credit_starve_scoreboard.csv,/home/esgha/ucie_chiplet_soc/chiplet_extension/reports/prbs_credit_starve_coverage.csv,,
prbs_credit_low,tb_ucie_prbs,prbs_credit_low,directed,1331377086,none,PASS,PASS,1,clean,55,54,0,0,0,0,0,0,0,0,0,0,9,60,15.0,,0,0.006,/home/esgha/ucie_chiplet_soc/chiplet_extension/build/verilator_regression/logs/prbs_credit_low.log,/home/esgha/ucie_chiplet_soc/chiplet_extension/build/verilator_regression/logs/tb_ucie_prbs_f256ad43b2.compile.log,/home/esgha/ucie_chiplet_soc/chiplet_extension/reports/prbs_credit_low_scoreboard.csv,/home/esgha/ucie_chiplet_soc/chiplet_extension/reports/prbs_credit_low_coverage.csv,,
prbs_retry_single,tb_ucie_prbs,prbs_retry_single,directed,1807127149,none,PASS,PASS,1,clean,64,64,1,0,0,0,0,0,0,0,0,0,12,60,20.0,,0,0.012,/home/esgha/ucie_chiplet_soc/chiplet_extension/build/verilator_regression/logs/prbs_retry_single.log,/home/esgha/ucie_chiplet_soc/chiplet_extension/build/verilator_regression/logs/tb_ucie_prbs_f256ad43b2.compile.log,/home/esgha/ucie_chiplet_soc/chiplet_extension/reports/prbs_retry_single_scoreboard.csv,/home/esgha/ucie_chiplet_soc/chiplet_extension/reports/prbs_retry_single_coverage.csv,,
prbs_retry_backpressure,tb_ucie_prbs,prbs_retry_backpressure,directed,1378318042,none,PASS,PASS,1,clean,80,80,2,0,0,0,0,0,0,0,0,0,14,60,23.3,,0,0.015,/home/esgha/ucie_chiplet_soc/chiplet_extension/build/verilator_regression/logs/prbs_retry_backpressure.log,/home/esgha/ucie_chiplet_soc/chiplet_extension/build/verilator_regression/logs/tb_ucie_prbs_f256ad43b2.compile.log,/home/esgha/ucie_chiplet_soc/chiplet_extension/reports/prbs_retry_backpressure_scoreboard.csv,/home/esgha/ucie_chiplet_soc/chiplet_extension/reports/prbs_retry_backpressure_coverage.csv,,
prbs_crc_burst_recover,tb_ucie_prbs,prbs_crc_burst_recover,directed,785793937,none,PASS,PASS,1,clean,80,80,2,0,0,0,0,0,0,0,0,0,13,60,21.7,,0,0.014,/home/esgha/ucie_chiplet_soc/chiplet_extension/build/verilator_regression/logs/prbs_crc_burst_recover.log,/home/esgha/ucie_chiplet_soc/chiplet_extension/build/verilator_regression/logs/tb_ucie_prbs_f256ad43b2.compile.log,/home/esgha/ucie_chiplet_soc/chiplet_extension/reports/prbs_crc_burst_recover_scoreboard.csv,/home/esgha/ucie_chiplet_soc/chiplet_extension/reports/prbs_crc_burst_recover_coverage.csv,,
prbs_lane_fault_recover,tb_ucie_prbs,prbs_lane_fault_recover,directed,1296513840,none,PASS,PASS,1,clean,96,96,1,0,0,0,0,0,0,0,0,0,15,60,25.0,,0,0.016,/home/esgha/ucie_chiplet_soc/chiplet_extension/build/verilator_regression/logs/prbs_lane_fault_recover.log,/home/esgha/ucie_chiplet_soc/chiplet_extension/build/verilator_regression/logs/tb_ucie_prbs_f256ad43b2.compile.log,/home/esgha/ucie_chiplet_soc/chiplet_extension/reports/prbs_lane_fault_recover_scoreboard.csv,/home/esgha/ucie_chiplet_soc/chiplet_extension/reports/prbs_lane_fault_recover_coverage.csv,,
prbs_reset_midflight,tb_ucie_prbs,prbs_reset_midflight,directed,1313342637,none,PASS,PASS,1,clean,167,166,0,0,0,0,0,0,0,0,0,0,10,60,16.7,,0,0.012,/home/esgha/ucie_chiplet_soc/chiplet_extension/build/verilator_regression/logs/prbs_reset_midflight.log,/home/esgha/ucie_chiplet_soc/chiplet_extension/build/verilator_regression/logs/tb_ucie_prbs_f256ad43b2.compile.log,/home/esgha/ucie_chiplet_soc/chiplet_extension/reports/prbs_reset_midflight_scoreboard.csv,/home/esgha/ucie_chiplet_soc/chiplet_extension/reports/prbs_reset_midflight_coverage.csv,,
prbs_backpressure_wave,tb_ucie_prbs,prbs_backpressure_wave,directed,1279730891,none,PASS,PASS,1,clean,167,166,0,0,0,0,0,0,0,0,0,0,10,60,16.7,,0,0.012,/home/esgha/ucie_chiplet_soc/chiplet_extension/build/verilator_regression/logs/prbs_backpressure_wave.log,/home/esgha/ucie_chiplet_soc/chiplet_extension/build/verilator_regression/logs/tb_ucie_prbs_f256ad43b2.compile.log,/home/esgha/ucie_chiplet_soc/chiplet_extension/reports/prbs_backpressure_wave_scoreboard.csv,/home/esgha/ucie_chiplet_soc/chiplet_extension/reports/prbs_backpressure_wave_coverage.csv,,
prbs_latency_low,tb_ucie_prbs,prbs_latency_low,directed,108788577,none,PASS,PASS,1,clean,71,70,0,0,0,0,0,0,0,0,0,0,9,60,15.0,,0,0.007,/home/esgha/ucie_chiplet_soc/chiplet_extension/build/verilator_regression/logs/prbs_latency_low.log,/home/esgha/ucie_chiplet_soc/chiplet_extension/build/verilator_regression/logs/tb_ucie_prbs_f256ad43b2.compile.log,/home/esgha/ucie_chiplet_soc/chiplet_extension/reports/prbs_latency_low_scoreboard.csv,/home/esgha/ucie_chiplet_soc/chiplet_extension/reports/prbs_latency_low_coverage.csv,,
prbs_latency_nominal,tb_ucie_prbs,prbs_latency_nominal,directed,327565467,none,PASS,PASS,1,clean,71,69,0,0,0,0,0,0,0,0,0,0,9,60,15.0,,0,0.007,/home/esgha/ucie_chiplet_soc/chiplet_extension/build/verilator_regression/logs/prbs_latency_nominal.log,/home/esgha/ucie_chiplet_soc/chiplet_extension/build/verilator_regression/logs/tb_ucie_prbs_f256ad43b2.compile.log,/home/esgha/ucie_chiplet_soc/chiplet_extension/reports/prbs_latency_nominal_scoreboard.csv,/home/esgha/ucie_chiplet_soc/chiplet_extension/reports/prbs_latency_nominal_coverage.csv,,
prbs_latency_high,tb_ucie_prbs,prbs_latency_high,directed,502697121,none,PASS,PASS,1,clean,71,69,0,0,0,0,0,0,0,0,0,0,9,60,15.0,,0,0.007,/home/esgha/ucie_chiplet_soc/chiplet_extension/build/verilator_regression/logs/prbs_latency_high.log,/home/esgha/ucie_chiplet_soc/chiplet_extension/build/verilator_regression/logs/tb_ucie_prbs_f256ad43b2.compile.log,/home/esgha/ucie_chiplet_soc/chiplet_extension/reports/prbs_latency_high_scoreboard.csv,/home/esgha/ucie_chiplet_soc/chiplet_extension/reports/prbs_latency_high_coverage.csv,,
prbs_rand_stress,tb_ucie_prbs,prbs_rand_stress,random,806709005,none,PASS,PASS,1,clean,237,237,0,0,0,0,0,0,0,0,0,0,9,60,15.0,,0,0.019,/home/esgha/ucie_chiplet_soc/chiplet_extension/build/verilator_regression/logs/prbs_rand_stress.log,/home/esgha/ucie_chiplet_soc/chiplet_extension/build/verilator_regression/logs/tb_ucie_prbs_f256ad43b2.compile.log,/home/esgha/ucie_chiplet_soc/chiplet_extension/reports/prbs_rand_stress_scoreboard.csv,/home/esgha/ucie_chiplet_soc/chiplet_extension/reports/prbs_rand_stress_coverage.csv,,
soc_smoke,tb_soc_chiplets,soc_smoke,directed,1818987937,none,PASS,PASS,1,clean,12,11,0,0,0,0,0,0,0,0,0,0,9,60,15.0,,0,0.006,/home/esgha/ucie_chiplet_soc/chiplet_extension/build/verilator_regression/logs/soc_smoke.log,/home/esgha/ucie_chiplet_soc/chiplet_extension/build/verilator_regression/logs/tb_soc_chiplets_fbf07393bf.compile.log,/home/esgha/ucie_chiplet_soc/chiplet_extension/reports/soc_smoke_scoreboard.csv,/home/esgha/ucie_chiplet_soc/chiplet_extension/reports/soc_smoke_coverage.csv,/home/esgha/ucie_chiplet_soc/chiplet_extension/reports/soc_smoke_power.csv,/home/esgha/ucie_chiplet_soc/chiplet_extension/build/verilator_regression/reference/soc_smoke_expected.csv
soc_wrong_key,tb_soc_chiplets,soc_wrong_key,negative,358478646,none,PASS,PASS,1,negative_check_caught,12,11,0,0,0,0,36,0,0,0,0,0,10,60,16.7,,0,0.006,/home/esgha/ucie_chiplet_soc/chiplet_extension/build/verilator_regression/logs/soc_wrong_key.log,/home/esgha/ucie_chiplet_soc/chiplet_extension/build/verilator_regression/logs/tb_soc_chiplets_fbf07393bf.compile.log,/home/esgha/ucie_chiplet_soc/chiplet_extension/reports/soc_wrong_key_scoreboard.csv,/home/esgha/ucie_chiplet_soc/chiplet_extension/reports/soc_wrong_key_coverage.csv,/home/esgha/ucie_chiplet_soc/chiplet_extension/reports/soc_wrong_key_power.csv,/home/esgha/ucie_chiplet_soc/chiplet_extension/build/verilator_regression/reference/soc_wrong_key_expected.csv
soc_misalign,tb_soc_chiplets,soc_misalign,negative,722615484,none,PASS,PASS,1,negative_check_caught,12,11,0,0,0,0,36,0,0,0,0,0,10,60,16.7,,0,0.005,/home/esgha/ucie_chiplet_soc/chiplet_extension/build/verilator_regression/logs/soc_misalign.log,/home/esgha/ucie_chiplet_soc/chiplet_extension/build/verilator_regression/logs/tb_soc_chiplets_fbf07393bf.compile.log,/home/esgha/ucie_chiplet_soc/chiplet_extension/reports/soc_misalign_scoreboard.csv,/home/esgha/ucie_chiplet_soc/chiplet_extension/reports/soc_misalign_coverage.csv,/home/esgha/ucie_chiplet_soc/chiplet_extension/reports/soc_misalign_power.csv,/home/esgha/ucie_chiplet_soc/chiplet_extension/build/verilator_regression/reference/soc_misalign_expected.csv
soc_backpressure,tb_soc_chiplets,soc_backpressure,directed,1259583216,none,PASS,PASS,1,clean,13,12,0,0,0,0,0,0,0,0,0,0,9,60,15.0,,0,0.006,/home/esgha/ucie_chiplet_soc/chiplet_extension/build/verilator_regression/logs/soc_backpressure.log,/home/esgha/ucie_chiplet_soc/chiplet_extension/build/verilator_regression/logs/tb_soc_chiplets_fbf07393bf.compile.log,/home/esgha/ucie_chiplet_soc/chiplet_extension/reports/soc_backpressure_scoreboard.csv,/home/esgha/ucie_chiplet_soc/chiplet_extension/reports/soc_backpressure_coverage.csv,/home/esgha/ucie_chiplet_soc/chiplet_extension/reports/soc_backpressure_power.csv,/home/esgha/ucie_chiplet_soc/chiplet_extension/build/verilator_regression/reference/soc_backpressure_expected.csv
soc_expected_empty,tb_soc_chiplets,soc_expected_empty,negative,1336415467,none,PASS,PASS,1,expected_empty_detected,12,11,0,0,0,0,0,32,0,0,0,0,10,60,16.7,,0,0.005,/home/esgha/ucie_chiplet_soc/chiplet_extension/build/verilator_regression/logs/soc_expected_empty.log,/home/esgha/ucie_chiplet_soc/chiplet_extension/build/verilator_regression/logs/tb_soc_chiplets_fbf07393bf.compile.log,/home/esgha/ucie_chiplet_soc/chiplet_extension/reports/soc_expected_empty_scoreboard.csv,/home/esgha/ucie_chiplet_soc/chiplet_extension/reports/soc_expected_empty_coverage.csv,/home/esgha/ucie_chiplet_soc/chiplet_extension/reports/soc_expected_empty_power.csv,/home/esgha/ucie_chiplet_soc/chiplet_extension/build/verilator_regression/reference/soc_expected_empty_expected.csv
power_run_mode,tb_soc_chiplets,power_run_mode,power_proxy,308236316,none,PASS,PASS,1,power_proxy_clean,12,11,0,0,0,0,0,0,0,0,0,0,9,60,15.0,,0,0.005,/home/esgha/ucie_chiplet_soc/chiplet_extension/build/verilator_regression/logs/power_run_mode.log,/home/esgha/ucie_chiplet_soc/chiplet_extension/build/verilator_regression/logs/tb_soc_chiplets_fbf07393bf.compile.log,/home/esgha/ucie_chiplet_soc/chiplet_extension/reports/power_run_mode_scoreboard.csv,/home/esgha/ucie_chiplet_soc/chiplet_extension/reports/power_run_mode_coverage.csv,/home/esgha/ucie_chiplet_soc/chiplet_extension/reports/power_run_mode_power.csv,/home/esgha/ucie_chiplet_soc/chiplet_extension/build/verilator_regression/reference/power_run_mode_expected.csv
power_crypto_only,tb_soc_chiplets,power_crypto_only,power_proxy,1174831804,none,PASS,PASS,1,power_proxy_clean,13,12,0,0,0,0,0,0,0,0,0,0,9,60,15.0,,0,0.006,/home/esgha/ucie_chiplet_soc/chiplet_extension/build/verilator_regression/logs/power_crypto_only.log,/home/esgha/ucie_chiplet_soc/chiplet_extension/build/verilator_regression/logs/tb_soc_chiplets_fbf07393bf.compile.log,/home/esgha/ucie_chiplet_soc/chiplet_extension/reports/power_crypto_only_scoreboard.csv,/home/esgha/ucie_chiplet_soc/chiplet_extension/reports/power_crypto_only_coverage.csv,/home/esgha/ucie_chiplet_soc/chiplet_extension/reports/power_crypto_only_power.csv,/home/esgha/ucie_chiplet_soc/chiplet_extension/build/verilator_regression/reference/power_crypto_only_expected.csv
power_sleep_entry_exit,tb_soc_chiplets,power_sleep_entry_exit,power_proxy,554929568,none,PASS,PASS,1,power_proxy_clean,12,11,0,0,0,0,0,0,0,0,0,0,10,60,16.7,,0,0.005,/home/esgha/ucie_chiplet_soc/chiplet_extension/build/verilator_regression/logs/power_sleep_entry_exit.log,/home/esgha/ucie_chiplet_soc/chiplet_extension/build/verilator_regression/logs/tb_soc_chiplets_fbf07393bf.compile.log,/home/esgha/ucie_chiplet_soc/chiplet_extension/reports/power_sleep_entry_exit_scoreboard.csv,/home/esgha/ucie_chiplet_soc/chiplet_extension/reports/power_sleep_entry_exit_coverage.csv,/home/esgha/ucie_chiplet_soc/chiplet_extension/reports/power_sleep_entry_exit_power.csv,/home/esgha/ucie_chiplet_soc/chiplet_extension/build/verilator_regression/reference/power_sleep_entry_exit_expected.csv
power_deep_sleep_recover,tb_soc_chiplets,power_deep_sleep_recover,power_proxy,476496670,none,PASS,PASS,1,power_proxy_clean,12,11,1,0,0,0,0,0,0,0,0,0,17,60,28.3,,0,0.006,/home/esgha/ucie_chiplet_soc/chiplet_extension/build/verilator_regression/logs/power_deep_sleep_recover.log,/home/esgha/ucie_chiplet_soc/chiplet_extension/build/verilator_regression/logs/tb_soc_chiplets_fbf07393bf.compile.log,/home/esgha/ucie_chiplet_soc/chiplet_extension/reports/power_deep_sleep_recover_scoreboard.csv,/home/esgha/ucie_chiplet_soc/chiplet_extension/reports/power_deep_sleep_recover_coverage.csv,/home/esgha/ucie_chiplet_soc/chiplet_extension/reports/power_deep_sleep_recover_power.csv,/home/esgha/ucie_chiplet_soc/chiplet_extension/build/verilator_regression/reference/power_deep_sleep_recover_expected.csv
dma_queue_smoke,tb_soc_chiplets,dma_queue_smoke,dma,1166563097,none,PASS,PASS,1,dma_queue_smoke_clean,1,1,0,0,0,0,0,0,1,1,0,0,15,60,25.0,,0,0.005,/home/esgha/ucie_chiplet_soc/chiplet_extension/build/verilator_regression/logs/dma_queue_smoke.log,/home/esgha/ucie_chiplet_soc/chiplet_extension/build/verilator_regression/logs/tb_soc_chiplets_fbf07393bf.compile.log,/home/esgha/ucie_chiplet_soc/chiplet_extension/reports/dma_queue_smoke_scoreboard.csv,/home/esgha/ucie_chiplet_soc/chiplet_extension/reports/dma_queue_smoke_coverage.csv,/home/esgha/ucie_chiplet_soc/chiplet_extension/reports/dma_queue_smoke_power.csv,/home/esgha/ucie_chiplet_soc/chiplet_extension/build/verilator_regression/reference/dma_queue_smoke_expected.csv
dma_queue_back_to_back,tb_soc_chiplets,dma_queue_back_to_back,dma,2054305857,none,PASS,PASS,1,dma_queue_back_to_back_clean,3,3,0,0,0,0,0,0,2,1,0,0,17,60,28.3,,0,0.006,/home/esgha/ucie_chiplet_soc/chiplet_extension/build/verilator_regression/logs/dma_queue_back_to_back.log,/home/esgha/ucie_chiplet_soc/chiplet_extension/build/verilator_regression/logs/tb_soc_chiplets_fbf07393bf.compile.log,/home/esgha/ucie_chiplet_soc/chiplet_extension/reports/dma_queue_back_to_back_scoreboard.csv,/home/esgha/ucie_chiplet_soc/chiplet_extension/reports/dma_queue_back_to_back_coverage.csv,/home/esgha/ucie_chiplet_soc/chiplet_extension/reports/dma_queue_back_to_back_power.csv,/home/esgha/ucie_chiplet_soc/chiplet_extension/build/verilator_regression/reference/dma_queue_back_to_back_expected.csv
dma_queue_full_reject,tb_soc_chiplets,dma_queue_full_reject,dma,532237084,none,PASS,PASS,1,dma_queue_full_reject_clean,4,4,0,0,0,0,0,0,4,1,4,0,29,60,48.3,,0,0.007,/home/esgha/ucie_chiplet_soc/chiplet_extension/build/verilator_regression/logs/dma_queue_full_reject.log,/home/esgha/ucie_chiplet_soc/chiplet_extension/build/verilator_regression/logs/tb_soc_chiplets_fbf07393bf.compile.log,/home/esgha/ucie_chiplet_soc/chiplet_extension/reports/dma_queue_full_reject_scoreboard.csv,/home/esgha/ucie_chiplet_soc/chiplet_extension/reports/dma_queue_full_reject_coverage.csv,/home/esgha/ucie_chiplet_soc/chiplet_extension/reports/dma_queue_full_reject_power.csv,/home/esgha/ucie_chiplet_soc/chiplet_extension/build/verilator_regression/reference/dma_queue_full_reject_expected.csv
dma_completion_fifo_drain,tb_soc_chiplets,dma_completion_fifo_drain,dma,439430787,none,PASS,PASS,1,dma_completion_fifo_drain_clean,3,3,0,0,0,0,0,0,3,1,0,0,18,60,30.0,,0,0.007,/home/esgha/ucie_chiplet_soc/chiplet_extension/build/verilator_regression/logs/dma_completion_fifo_drain.log,/home/esgha/ucie_chiplet_soc/chiplet_extension/build/verilator_regression/logs/tb_soc_chiplets_fbf07393bf.compile.log,/home/esgha/ucie_chiplet_soc/chiplet_extension/reports/dma_completion_fifo_drain_scoreboard.csv,/home/esgha/ucie_chiplet_soc/chiplet_extension/reports/dma_completion_fifo_drain_coverage.csv,/home/esgha/ucie_chiplet_soc/chiplet_extension/reports/dma_completion_fifo_drain_power.csv,/home/esgha/ucie_chiplet_soc/chiplet_extension/build/verilator_regression/reference/dma_completion_fifo_drain_expected.csv
dma_irq_masking,tb_soc_chiplets,dma_irq_masking,dma,1778313218,none,PASS,PASS,1,dma_irq_masking_clean,1,1,0,0,0,0,0,0,1,2,1,0,17,60,28.3,,0,0.005,/home/esgha/ucie_chiplet_soc/chiplet_extension/build/verilator_regression/logs/dma_irq_masking.log,/home/esgha/ucie_chiplet_soc/chiplet_extension/build/verilator_regression/logs/tb_soc_chiplets_fbf07393bf.compile.log,/home/esgha/ucie_chiplet_soc/chiplet_extension/reports/dma_irq_masking_scoreboard.csv,/home/esgha/ucie_chiplet_soc/chiplet_extension/reports/dma_irq_masking_coverage.csv,/home/esgha/ucie_chiplet_soc/chiplet_extension/reports/dma_irq_masking_power.csv,/home/esgha/ucie_chiplet_soc/chiplet_extension/build/verilator_regression/reference/dma_irq_masking_expected.csv
dma_odd_len_reject,tb_soc_chiplets,dma_odd_len_reject,dma,861300641,none,PASS,PASS,1,dma_odd_len_reject_clean,0,0,0,0,0,0,0,0,0,0,1,0,11,60,18.3,,0,0.004,/home/esgha/ucie_chiplet_soc/chiplet_extension/build/verilator_regression/logs/dma_odd_len_reject.log,/home/esgha/ucie_chiplet_soc/chiplet_extension/build/verilator_regression/logs/tb_soc_chiplets_fbf07393bf.compile.log,/home/esgha/ucie_chiplet_soc/chiplet_extension/reports/dma_odd_len_reject_scoreboard.csv,/home/esgha/ucie_chiplet_soc/chiplet_extension/reports/dma_odd_len_reject_coverage.csv,/home/esgha/ucie_chiplet_soc/chiplet_extension/reports/dma_odd_len_reject_power.csv,/home/esgha/ucie_chiplet_soc/chiplet_extension/build/verilator_regression/reference/dma_odd_len_reject_expected.csv
dma_range_reject,tb_soc_chiplets,dma_range_reject,dma,464518073,none,PASS,PASS,1,dma_range_reject_clean,0,0,0,0,0,0,0,0,0,0,1,0,11,60,18.3,,0,0.004,/home/esgha/ucie_chiplet_soc/chiplet_extension/build/verilator_regression/logs/dma_range_reject.log,/home/esgha/ucie_chiplet_soc/chiplet_extension/build/verilator_regression/logs/tb_soc_chiplets_fbf07393bf.compile.log,/home/esgha/ucie_chiplet_soc/chiplet_extension/reports/dma_range_reject_scoreboard.csv,/home/esgha/ucie_chiplet_soc/chiplet_extension/reports/dma_range_reject_coverage.csv,/home/esgha/ucie_chiplet_soc/chiplet_extension/reports/dma_range_reject_power.csv,/home/esgha/ucie_chiplet_soc/chiplet_extension/build/verilator_regression/reference/dma_range_reject_expected.csv
dma_timeout_error,tb_soc_chiplets,dma_timeout_error,dma,350996462,none,PASS,PASS,1,dma_timeout_error_clean,1,1,0,0,0,0,0,0,0,0,1,0,15,60,25.0,,0,0.007,/home/esgha/ucie_chiplet_soc/chiplet_extension/build/verilator_regression/logs/dma_timeout_error.log,/home/esgha/ucie_chiplet_soc/chiplet_extension/build/verilator_regression/logs/tb_soc_chiplets_fbf07393bf.compile.log,/home/esgha/ucie_chiplet_soc/chiplet_extension/reports/dma_timeout_error_scoreboard.csv,/home/esgha/ucie_chiplet_soc/chiplet_extension/reports/dma_timeout_error_coverage.csv,/home/esgha/ucie_chiplet_soc/chiplet_extension/reports/dma_timeout_error_power.csv,/home/esgha/ucie_chiplet_soc/chiplet_extension/build/verilator_regression/reference/dma_timeout_error_expected.csv
dma_retry_recover_queue,tb_soc_chiplets,dma_retry_recover_queue,dma,2070280943,none,PASS,PASS,1,dma_retry_recover_queue_clean,1,2,1,1,0,0,0,0,2,1,0,0,22,60,36.7,,0,0.005,/home/esgha/ucie_chiplet_soc/chiplet_extension/build/verilator_regression/logs/dma_retry_recover_queue.log,/home/esgha/ucie_chiplet_soc/chiplet_extension/build/verilator_regression/logs/tb_soc_chiplets_fbf07393bf.compile.log,/home/esgha/ucie_chiplet_soc/chiplet_extension/reports/dma_retry_recover_queue_scoreboard.csv,/home/esgha/ucie_chiplet_soc/chiplet_extension/reports/dma_retry_recover_queue_coverage.csv,/home/esgha/ucie_chiplet_soc/chiplet_extension/reports/dma_retry_recover_queue_power.csv,/home/esgha/ucie_chiplet_soc/chiplet_extension/build/verilator_regression/reference/dma_retry_recover_queue_expected.csv
dma_power_sleep_resume_queue,tb_soc_chiplets,dma_power_sleep_resume_queue,dma_power,324416469,none,PASS,PASS,1,dma_power_sleep_resume_queue_clean,2,2,0,0,0,0,0,0,1,1,0,0,18,60,30.0,,0,0.006,/home/esgha/ucie_chiplet_soc/chiplet_extension/build/verilator_regression/logs/dma_power_sleep_resume_queue.log,/home/esgha/ucie_chiplet_soc/chiplet_extension/build/verilator_regression/logs/tb_soc_chiplets_fbf07393bf.compile.log,/home/esgha/ucie_chiplet_soc/chiplet_extension/reports/dma_power_sleep_resume_queue_scoreboard.csv,/home/esgha/ucie_chiplet_soc/chiplet_extension/reports/dma_power_sleep_resume_queue_coverage.csv,/home/esgha/ucie_chiplet_soc/chiplet_extension/reports/dma_power_sleep_resume_queue_power.csv,/home/esgha/ucie_chiplet_soc/chiplet_extension/build/verilator_regression/reference/dma_power_sleep_resume_queue_expected.csv
dma_comp_fifo_full_stall,tb_soc_chiplets,dma_comp_fifo_full_stall,dma,612292288,none,PASS,PASS,1,dma_comp_fifo_full_stall_clean,5,5,0,0,0,0,0,0,5,0,0,0,24,60,40.0,,0,0.007,/home/esgha/ucie_chiplet_soc/chiplet_extension/build/verilator_regression/logs/dma_comp_fifo_full_stall.log,/home/esgha/ucie_chiplet_soc/chiplet_extension/build/verilator_regression/logs/tb_soc_chiplets_fbf07393bf.compile.log,/home/esgha/ucie_chiplet_soc/chiplet_extension/reports/dma_comp_fifo_full_stall_scoreboard.csv,/home/esgha/ucie_chiplet_soc/chiplet_extension/reports/dma_comp_fifo_full_stall_coverage.csv,/home/esgha/ucie_chiplet_soc/chiplet_extension/reports/dma_comp_fifo_full_stall_power.csv,/home/esgha/ucie_chiplet_soc/chiplet_extension/build/verilator_regression/reference/dma_comp_fifo_full_stall_expected.csv
dma_irq_pending_then_enable,tb_soc_chiplets,dma_irq_pending_then_enable,dma,1525005,none,PASS,PASS,1,dma_irq_pending_then_enable_clean,1,1,0,0,0,0,0,0,1,1,0,0,15,60,25.0,,0,0.005,/home/esgha/ucie_chiplet_soc/chiplet_extension/build/verilator_regression/logs/dma_irq_pending_then_enable.log,/home/esgha/ucie_chiplet_soc/chiplet_extension/build/verilator_regression/logs/tb_soc_chiplets_fbf07393bf.compile.log,/home/esgha/ucie_chiplet_soc/chiplet_extension/reports/dma_irq_pending_then_enable_scoreboard.csv,/home/esgha/ucie_chiplet_soc/chiplet_extension/reports/dma_irq_pending_then_enable_coverage.csv,/home/esgha/ucie_chiplet_soc/chiplet_extension/reports/dma_irq_pending_then_enable_power.csv,/home/esgha/ucie_chiplet_soc/chiplet_extension/build/verilator_regression/reference/dma_irq_pending_then_enable_expected.csv
dma_comp_pop_empty,tb_soc_chiplets,dma_comp_pop_empty,dma,197374447,none,PASS,PASS,1,dma_comp_pop_empty_clean,0,0,0,0,0,0,0,0,0,0,0,0,8,60,13.3,,0,0.003,/home/esgha/ucie_chiplet_soc/chiplet_extension/build/verilator_regression/logs/dma_comp_pop_empty.log,/home/esgha/ucie_chiplet_soc/chiplet_extension/build/verilator_regression/logs/tb_soc_chiplets_fbf07393bf.compile.log,/home/esgha/ucie_chiplet_soc/chiplet_extension/reports/dma_comp_pop_empty_scoreboard.csv,/home/esgha/ucie_chiplet_soc/chiplet_extension/reports/dma_comp_pop_empty_coverage.csv,/home/esgha/ucie_chiplet_soc/chiplet_extension/reports/dma_comp_pop_empty_power.csv,/home/esgha/ucie_chiplet_soc/chiplet_extension/build/verilator_regression/reference/dma_comp_pop_empty_expected.csv
dma_reset_mid_queue,tb_soc_chiplets,dma_reset_mid_queue,dma,508140162,none,PASS,PASS,1,dma_reset_mid_queue_clean,0,0,0,0,0,0,0,0,0,0,0,0,8,60,13.3,,0,0.003,/home/esgha/ucie_chiplet_soc/chiplet_extension/build/verilator_regression/logs/dma_reset_mid_queue.log,/home/esgha/ucie_chiplet_soc/chiplet_extension/build/verilator_regression/logs/tb_soc_chiplets_fbf07393bf.compile.log,/home/esgha/ucie_chiplet_soc/chiplet_extension/reports/dma_reset_mid_queue_scoreboard.csv,/home/esgha/ucie_chiplet_soc/chiplet_extension/reports/dma_reset_mid_queue_coverage.csv,/home/esgha/ucie_chiplet_soc/chiplet_extension/reports/dma_reset_mid_queue_power.csv,/home/esgha/ucie_chiplet_soc/chiplet_extension/build/verilator_regression/reference/dma_reset_mid_queue_expected.csv
dma_tag_reuse,tb_soc_chiplets,dma_tag_reuse,dma,598517603,none,PASS,PASS,1,dma_tag_reuse_clean,2,2,0,0,0,0,0,0,2,0,0,0,16,60,26.7,,0,0.005,/home/esgha/ucie_chiplet_soc/chiplet_extension/build/verilator_regression/logs/dma_tag_reuse.log,/home/esgha/ucie_chiplet_soc/chiplet_extension/build/verilator_regression/logs/tb_soc_chiplets_fbf07393bf.compile.log,/home/esgha/ucie_chiplet_soc/chiplet_extension/reports/dma_tag_reuse_scoreboard.csv,/home/esgha/ucie_chiplet_soc/chiplet_extension/reports/dma_tag_reuse_coverage.csv,/home/esgha/ucie_chiplet_soc/chiplet_extension/reports/dma_tag_reuse_power.csv,/home/esgha/ucie_chiplet_soc/chiplet_extension/build/verilator_regression/reference/dma_tag_reuse_expected.csv
dma_power_state_retention_matrix,tb_soc_chiplets,dma_power_state_retention_matrix,dma_power,364350070,none,PASS,PASS,1,dma_power_state_retention_matrix_clean,1,1,0,0,0,0,0,0,1,0,0,0,18,60,30.0,,0,0.004,/home/esgha/ucie_chiplet_soc/chiplet_extension/build/verilator_regression/logs/dma_power_state_retention_matrix.log,/home/esgha/ucie_chiplet_soc/chiplet_extension/build/verilator_regression/logs/tb_soc_chiplets_fbf07393bf.compile.log,/home/esgha/ucie_chiplet_soc/chiplet_extension/reports/dma_power_state_retention_matrix_scoreboard.csv,/home/esgha/ucie_chiplet_soc/chiplet_extension/reports/dma_power_state_retention_matrix_coverage.csv,/home/esgha/ucie_chiplet_soc/chiplet_extension/reports/dma_power_state_retention_matrix_power.csv,/home/esgha/ucie_chiplet_soc/chiplet_extension/build/verilator_regression/reference/dma_power_state_retention_matrix_expected.csv
dma_crypto_only_submit_blocked,tb_soc_chiplets,dma_crypto_only_submit_blocked,dma_power,1724467689,none,PASS,PASS,1,dma_crypto_only_submit_blocked_clean,0,0,0,0,0,0,0,0,0,0,1,0,11,60,18.3,,0,0.004,/home/esgha/ucie_chiplet_soc/chiplet_extension/build/verilator_regression/logs/dma_crypto_only_submit_blocked.log,/home/esgha/ucie_chiplet_soc/chiplet_extension/build/verilator_regression/logs/tb_soc_chiplets_fbf07393bf.compile.log,/home/esgha/ucie_chiplet_soc/chiplet_extension/reports/dma_crypto_only_submit_blocked_scoreboard.csv,/home/esgha/ucie_chiplet_soc/chiplet_extension/reports/dma_crypto_only_submit_blocked_coverage.csv,/home/esgha/ucie_chiplet_soc/chiplet_extension/reports/dma_crypto_only_submit_blocked_power.csv,/home/esgha/ucie_chiplet_soc/chiplet_extension/build/verilator_regression/reference/dma_crypto_only_submit_blocked_expected.csv
mem_bank_parallel_service,tb_soc_chiplets,mem_bank_parallel_service,dma_mem,436732039,none,PASS,PASS,1,mem_bank_parallel_service_clean,2,2,0,0,0,0,0,0,1,0,0,0,16,60,26.7,,0,0.005,/home/esgha/ucie_chiplet_soc/chiplet_extension/build/verilator_regression/logs/mem_bank_parallel_service.log,/home/esgha/ucie_chiplet_soc/chiplet_extension/build/verilator_regression/logs/tb_soc_chiplets_fbf07393bf.compile.log,/home/esgha/ucie_chiplet_soc/chiplet_extension/reports/mem_bank_parallel_service_scoreboard.csv,/home/esgha/ucie_chiplet_soc/chiplet_extension/reports/mem_bank_parallel_service_coverage.csv,/home/esgha/ucie_chiplet_soc/chiplet_extension/reports/mem_bank_parallel_service_power.csv,/home/esgha/ucie_chiplet_soc/chiplet_extension/build/verilator_regression/reference/mem_bank_parallel_service_expected.csv
mem_src_bank_conflict,tb_soc_chiplets,mem_src_bank_conflict,dma_mem,1358671685,none,PASS,PASS,1,mem_src_bank_conflict_clean,2,2,0,0,0,0,0,0,1,0,0,0,18,60,30.0,,0,0.005,/home/esgha/ucie_chiplet_soc/chiplet_extension/build/verilator_regression/logs/mem_src_bank_conflict.log,/home/esgha/ucie_chiplet_soc/chiplet_extension/build/verilator_regression/logs/tb_soc_chiplets_fbf07393bf.compile.log,/home/esgha/ucie_chiplet_soc/chiplet_extension/reports/mem_src_bank_conflict_scoreboard.csv,/home/esgha/ucie_chiplet_soc/chiplet_extension/reports/mem_src_bank_conflict_coverage.csv,/home/esgha/ucie_chiplet_soc/chiplet_extension/reports/mem_src_bank_conflict_power.csv,/home/esgha/ucie_chiplet_soc/chiplet_extension/build/verilator_regression/reference/mem_src_bank_conflict_expected.csv
mem_dst_bank_conflict,tb_soc_chiplets,mem_dst_bank_conflict,dma_mem,1470633939,none,PASS,PASS,1,mem_dst_bank_conflict_clean,2,2,0,0,0,0,0,0,1,0,0,0,18,60,30.0,,0,0.005,/home/esgha/ucie_chiplet_soc/chiplet_extension/build/verilator_regression/logs/mem_dst_bank_conflict.log,/home/esgha/ucie_chiplet_soc/chiplet_extension/build/verilator_regression/logs/tb_soc_chiplets_fbf07393bf.compile.log,/home/esgha/ucie_chiplet_soc/chiplet_extension/reports/mem_dst_bank_conflict_scoreboard.csv,/home/esgha/ucie_chiplet_soc/chiplet_extension/reports/mem_dst_bank_conflict_coverage.csv,/home/esgha/ucie_chiplet_soc/chiplet_extension/reports/mem_dst_bank_conflict_power.csv,/home/esgha/ucie_chiplet_soc/chiplet_extension/build/verilator_regression/reference/mem_dst_bank_conflict_expected.csv
mem_read_while_dma,tb_soc_chiplets,mem_read_while_dma,dma_mem,846237730,none,PASS,PASS,1,mem_read_while_dma_clean,2,2,0,0,0,0,0,0,1,0,0,0,16,60,26.7,,0,0.005,/home/esgha/ucie_chiplet_soc/chiplet_extension/build/verilator_regression/logs/mem_read_while_dma.log,/home/esgha/ucie_chiplet_soc/chiplet_extension/build/verilator_regression/logs/tb_soc_chiplets_fbf07393bf.compile.log,/home/esgha/ucie_chiplet_soc/chiplet_extension/reports/mem_read_while_dma_scoreboard.csv,/home/esgha/ucie_chiplet_soc/chiplet_extension/reports/mem_read_while_dma_coverage.csv,/home/esgha/ucie_chiplet_soc/chiplet_extension/reports/mem_read_while_dma_power.csv,/home/esgha/ucie_chiplet_soc/chiplet_extension/build/verilator_regression/reference/mem_read_while_dma_expected.csv
mem_write_while_dma_reject,tb_soc_chiplets,mem_write_while_dma_reject,dma_mem,142957441,none,PASS,PASS,1,mem_write_while_dma_reject_clean,2,2,0,0,0,0,0,0,1,0,0,0,17,60,28.3,,0,0.005,/home/esgha/ucie_chiplet_soc/chiplet_extension/build/verilator_regression/logs/mem_write_while_dma_reject.log,/home/esgha/ucie_chiplet_soc/chiplet_extension/build/verilator_regression/logs/tb_soc_chiplets_fbf07393bf.compile.log,/home/esgha/ucie_chiplet_soc/chiplet_extension/reports/mem_write_while_dma_reject_scoreboard.csv,/home/esgha/ucie_chiplet_soc/chiplet_extension/reports/mem_write_while_dma_reject_coverage.csv,/home/esgha/ucie_chiplet_soc/chiplet_extension/reports/mem_write_while_dma_reject_power.csv,/home/esgha/ucie_chiplet_soc/chiplet_extension/build/verilator_regression/reference/mem_write_while_dma_reject_expected.csv
mem_parity_src_detect,tb_soc_chiplets,mem_parity_src_detect,dma_mem,1026483543,none,PASS,PASS,1,mem_parity_src_detect_clean,0,0,0,0,0,0,0,0,0,0,1,0,14,60,23.3,,0,0.006,/home/esgha/ucie_chiplet_soc/chiplet_extension/build/verilator_regression/logs/mem_parity_src_detect.log,/home/esgha/ucie_chiplet_soc/chiplet_extension/build/verilator_regression/logs/tb_soc_chiplets_fbf07393bf.compile.log,/home/esgha/ucie_chiplet_soc/chiplet_extension/reports/mem_parity_src_detect_scoreboard.csv,/home/esgha/ucie_chiplet_soc/chiplet_extension/reports/mem_parity_src_detect_coverage.csv,/home/esgha/ucie_chiplet_soc/chiplet_extension/reports/mem_parity_src_detect_power.csv,/home/esgha/ucie_chiplet_soc/chiplet_extension/build/verilator_regression/reference/mem_parity_src_detect_expected.csv
mem_parity_dst_maint_detect,tb_soc_chiplets,mem_parity_dst_maint_detect,dma_mem,1258807516,none,PASS,PASS,1,mem_parity_dst_maint_detect_clean,0,0,0,0,0,0,0,0,0,0,0,0,9,60,15.0,,0,0.006,/home/esgha/ucie_chiplet_soc/chiplet_extension/build/verilator_regression/logs/mem_parity_dst_maint_detect.log,/home/esgha/ucie_chiplet_soc/chiplet_extension/build/verilator_regression/logs/tb_soc_chiplets_fbf07393bf.compile.log,/home/esgha/ucie_chiplet_soc/chiplet_extension/reports/mem_parity_dst_maint_detect_scoreboard.csv,/home/esgha/ucie_chiplet_soc/chiplet_extension/reports/mem_parity_dst_maint_detect_coverage.csv,/home/esgha/ucie_chiplet_soc/chiplet_extension/reports/mem_parity_dst_maint_detect_power.csv,/home/esgha/ucie_chiplet_soc/chiplet_extension/build/verilator_regression/reference/mem_parity_dst_maint_detect_expected.csv
mem_sleep_retained_bank,tb_soc_chiplets,mem_sleep_retained_bank,dma_mem_power,1811129857,none,PASS,PASS,1,mem_sleep_retained_bank_clean,0,0,0,0,0,0,0,0,0,0,0,0,9,60,15.0,,0,0.004,/home/esgha/ucie_chiplet_soc/chiplet_extension/build/verilator_regression/logs/mem_sleep_retained_bank.log,/home/esgha/ucie_chiplet_soc/chiplet_extension/build/verilator_regression/logs/tb_soc_chiplets_fbf07393bf.compile.log,/home/esgha/ucie_chiplet_soc/chiplet_extension/reports/mem_sleep_retained_bank_scoreboard.csv,/home/esgha/ucie_chiplet_soc/chiplet_extension/reports/mem_sleep_retained_bank_coverage.csv,/home/esgha/ucie_chiplet_soc/chiplet_extension/reports/mem_sleep_retained_bank_power.csv,/home/esgha/ucie_chiplet_soc/chiplet_extension/build/verilator_regression/reference/mem_sleep_retained_bank_expected.csv
mem_sleep_nonretained_bank,tb_soc_chiplets,mem_sleep_nonretained_bank,dma_mem_power,1851664509,none,PASS,PASS,1,mem_sleep_nonretained_bank_clean,0,0,0,0,0,0,0,0,0,0,0,0,11,60,18.3,,0,0.004,/home/esgha/ucie_chiplet_soc/chiplet_extension/build/verilator_regression/logs/mem_sleep_nonretained_bank.log,/home/esgha/ucie_chiplet_soc/chiplet_extension/build/verilator_regression/logs/tb_soc_chiplets_fbf07393bf.compile.log,/home/esgha/ucie_chiplet_soc/chiplet_extension/reports/mem_sleep_nonretained_bank_scoreboard.csv,/home/esgha/ucie_chiplet_soc/chiplet_extension/reports/mem_sleep_nonretained_bank_coverage.csv,/home/esgha/ucie_chiplet_soc/chiplet_extension/reports/mem_sleep_nonretained_bank_power.csv,/home/esgha/ucie_chiplet_soc/chiplet_extension/build/verilator_regression/reference/mem_sleep_nonretained_bank_expected.csv
mem_nonretained_readback_poison_clean,tb_soc_chiplets,mem_nonretained_readback_poison_clean,dma_mem_power,1573997535,none,PASS,PASS,1,mem_nonretained_readback_poison_clean_clean,0,0,0,0,0,0,0,0,0,0,0,0,11,60,18.3,,0,0.004,/home/esgha/ucie_chiplet_soc/chiplet_extension/build/verilator_regression/logs/mem_nonretained_readback_poison_clean.log,/home/esgha/ucie_chiplet_soc/chiplet_extension/build/verilator_regression/logs/tb_soc_chiplets_fbf07393bf.compile.log,/home/esgha/ucie_chiplet_soc/chiplet_extension/reports/mem_nonretained_readback_poison_clean_scoreboard.csv,/home/esgha/ucie_chiplet_soc/chiplet_extension/reports/mem_nonretained_readback_poison_clean_coverage.csv,/home/esgha/ucie_chiplet_soc/chiplet_extension/reports/mem_nonretained_readback_poison_clean_power.csv,/home/esgha/ucie_chiplet_soc/chiplet_extension/build/verilator_regression/reference/mem_nonretained_readback_poison_clean_expected.csv
mem_invalid_clear_on_write,tb_soc_chiplets,mem_invalid_clear_on_write,dma_mem_power,114345338,none,PASS,PASS,1,mem_invalid_clear_on_write_clean,0,0,0,0,0,0,0,0,0,0,0,0,10,60,16.7,,0,0.004,/home/esgha/ucie_chiplet_soc/chiplet_extension/build/verilator_regression/logs/mem_invalid_clear_on_write.log,/home/esgha/ucie_chiplet_soc/chiplet_extension/build/verilator_regression/logs/tb_soc_chiplets_fbf07393bf.compile.log,/home/esgha/ucie_chiplet_soc/chiplet_extension/reports/mem_invalid_clear_on_write_scoreboard.csv,/home/esgha/ucie_chiplet_soc/chiplet_extension/reports/mem_invalid_clear_on_write_coverage.csv,/home/esgha/ucie_chiplet_soc/chiplet_extension/reports/mem_invalid_clear_on_write_power.csv,/home/esgha/ucie_chiplet_soc/chiplet_extension/build/verilator_regression/reference/mem_invalid_clear_on_write_expected.csv
mem_deep_sleep_retention_matrix,tb_soc_chiplets,mem_deep_sleep_retention_matrix,dma_mem_power,482627980,none,PASS,PASS,1,mem_deep_sleep_retention_matrix_clean,0,0,0,0,0,0,0,0,0,0,0,0,11,60,18.3,,0,0.004,/home/esgha/ucie_chiplet_soc/chiplet_extension/build/verilator_regression/logs/mem_deep_sleep_retention_matrix.log,/home/esgha/ucie_chiplet_soc/chiplet_extension/build/verilator_regression/logs/tb_soc_chiplets_fbf07393bf.compile.log,/home/esgha/ucie_chiplet_soc/chiplet_extension/reports/mem_deep_sleep_retention_matrix_scoreboard.csv,/home/esgha/ucie_chiplet_soc/chiplet_extension/reports/mem_deep_sleep_retention_matrix_coverage.csv,/home/esgha/ucie_chiplet_soc/chiplet_extension/reports/mem_deep_sleep_retention_matrix_power.csv,/home/esgha/ucie_chiplet_soc/chiplet_extension/build/verilator_regression/reference/mem_deep_sleep_retention_matrix_expected.csv
mem_crypto_only_cfg_access,tb_soc_chiplets,mem_crypto_only_cfg_access,dma_mem_power,1557795250,none,PASS,PASS,1,mem_crypto_only_cfg_access_clean,0,0,0,0,0,0,0,0,0,0,1,0,11,60,18.3,,0,0.004,/home/esgha/ucie_chiplet_soc/chiplet_extension/build/verilator_regression/logs/mem_crypto_only_cfg_access.log,/home/esgha/ucie_chiplet_soc/chiplet_extension/build/verilator_regression/logs/tb_soc_chiplets_fbf07393bf.compile.log,/home/esgha/ucie_chiplet_soc/chiplet_extension/reports/mem_crypto_only_cfg_access_scoreboard.csv,/home/esgha/ucie_chiplet_soc/chiplet_extension/reports/mem_crypto_only_cfg_access_coverage.csv,/home/esgha/ucie_chiplet_soc/chiplet_extension/reports/mem_crypto_only_cfg_access_power.csv,/home/esgha/ucie_chiplet_soc/chiplet_extension/build/verilator_regression/reference/mem_crypto_only_cfg_access_expected.csv
bug_credit_off_by_one_seed6ceeb215,tb_ucie_prbs,bug_credit_off_by_one,directed,1827582485,UCIE_BUG_CREDIT_OFF_BY_ONE,FAIL,FAIL,1,credit_assertion,,,,,,,,,,,,,0,0,,UCIE_BUG_CREDIT_OFF_BY_ONE,-6,0.539,/home/esgha/ucie_chiplet_soc/chiplet_extension/build/verilator_regression/logs/bug_credit_off_by_one_seed6ceeb215.log,/home/esgha/ucie_chiplet_soc/chiplet_extension/build/verilator_regression/logs/tb_ucie_prbs_abac9e0abd.compile.log,,,,
bug_crc_poly_seed169b771d,tb_ucie_prbs,bug_crc_poly,directed,379287325,UCIE_BUG_CRC_POLY,FAIL,FAIL,1,crc_integrity,,,,,,,,,,,,,0,0,,UCIE_BUG_CRC_POLY,-6,0.564,/home/esgha/ucie_chiplet_soc/chiplet_extension/build/verilator_regression/logs/bug_crc_poly_seed169b771d.log,/home/esgha/ucie_chiplet_soc/chiplet_extension/build/verilator_regression/logs/tb_ucie_prbs_fae46950e5.compile.log,,,,
bug_retry_seq_seed7a73863a,tb_ucie_prbs,bug_retry_seq,directed,2054391354,UCIE_BUG_RETRY_SEQ,FAIL,FAIL,1,retry_identity,,,,,,,,,,,,,0,0,,UCIE_BUG_RETRY_SEQ,-6,0.560,/home/esgha/ucie_chiplet_soc/chiplet_extension/build/verilator_regression/logs/bug_retry_seq_seed7a73863a.log,/home/esgha/ucie_chiplet_soc/chiplet_extension/build/verilator_regression/logs/tb_ucie_prbs_d6f5b8cc0a.compile.log,,,,
dma_bug_done_early_seed0093c0a4,tb_soc_chiplets,dma_bug_done_early,dma_bug,9683108,UCIE_BUG_DMA_DONE_EARLY,FAIL,FAIL,1,dma_completion_violation,2,2,0,0,0,0,0,0,1,0,0,1,16,60,26.7,UCIE_BUG_DMA_DONE_EARLY,-6,0.552,/home/esgha/ucie_chiplet_soc/chiplet_extension/build/verilator_regression/logs/dma_bug_done_early_seed0093c0a4.log,/home/esgha/ucie_chiplet_soc/chiplet_extension/build/verilator_regression/logs/tb_soc_chiplets_be3f3b1039.compile.log,/home/esgha/ucie_chiplet_soc/chiplet_extension/reports/dma_bug_done_early_seed0093c0a4_scoreboard.csv,/home/esgha/ucie_chiplet_soc/chiplet_extension/reports/dma_bug_done_early_seed0093c0a4_coverage.csv,/home/esgha/ucie_chiplet_soc/chiplet_extension/reports/dma_bug_done_early_seed0093c0a4_power.csv,/home/esgha/ucie_chiplet_soc/chiplet_extension/build/verilator_regression/reference/dma_bug_done_early_seed0093c0a4_expected.csv
mem_bug_parity_skip_seed42ec90ac,tb_soc_chiplets,mem_bug_parity_skip,dma_mem_bug,1122799788,UCIE_BUG_MEM_PARITY_SKIP,FAIL,FAIL,1,memory_integrity_violation,0,0,0,0,0,0,0,0,0,0,0,0,8,60,13.3,UCIE_BUG_MEM_PARITY_SKIP,-6,0.555,/home/esgha/ucie_chiplet_soc/chiplet_extension/build/verilator_regression/logs/mem_bug_parity_skip_seed42ec90ac.log,/home/esgha/ucie_chiplet_soc/chiplet_extension/build/verilator_regression/logs/tb_soc_chiplets_a3ec37fabb.compile.log,/home/esgha/ucie_chiplet_soc/chiplet_extension/reports/mem_bug_parity_skip_seed42ec90ac_scoreboard.csv,/home/esgha/ucie_chiplet_soc/chiplet_extension/reports/mem_bug_parity_skip_seed42ec90ac_coverage.csv,/home/esgha/ucie_chiplet_soc/chiplet_extension/reports/mem_bug_parity_skip_seed42ec90ac_power.csv,/home/esgha/ucie_chiplet_soc/chiplet_extension/build/verilator_regression/reference/mem_bug_parity_skip_seed42ec90ac_expected.csv
